date,ticker,best_model,strategy_score,action,ret_1d,ret_5d,ret_20d,result_5d,pred_ARIMAModel,pred_LGBMRegressor,pred_LSTM,pred_RandomForestRegressor,pred_Ridge,pred_XGBRegressor
2026-03-21,ASML,ARIMAModel,4.1,BUY,N/D,N/D,N/D,Pendiente,SUBE,SUBE,-,SUBE,SUBE,SUBE
2026-03-21,AVGO,ARIMAModel,4.1,BUY,N/D,N/D,N/D,Pendiente,SUBE,SUBE,-,SUBE,BAJA,SUBE
2026-03-21,BRK-B,ARIMAModel,4.1,BUY,N/D,N/D,N/D,Pendiente,SUBE,SUBE,-,SUBE,SUBE,SUBE
2026-03-21,GOOGL,ARIMAModel,4.1,BUY,N/D,N/D,N/D,Pendiente,SUBE,SUBE,-,SUBE,SUBE,SUBE
2026-03-21,JNJ,ARIMAModel,4.1,BUY,N/D,N/D,N/D,Pendiente,SUBE,SUBE,-,SUBE,SUBE,SUBE
2026-03-21,JPM,ARIMAModel,4.1,BUY,N/D,N/D,N/D,Pendiente,SUBE,SUBE,-,SUBE,SUBE,SUBE
2026-03-21,META,ARIMAModel,4.1,BUY,N/D,N/D,N/D,Pendiente,SUBE,SUBE,-,SUBE,SUBE,SUBE
2026-03-21,MSFT,ARIMAModel,4.1,BUY,N/D,N/D,N/D,Pendiente,SUBE,BAJA,-,SUBE,SUBE,SUBE
2026-03-21,NVDA,ARIMAModel,4.1,BUY,N/D,N/D,N/D,Pendiente,SUBE,SUBE,-,SUBE,SUBE,SUBE
2026-03-21,PLTR,ARIMAModel,4.1,BUY,N/D,N/D,N/D,Pendiente,SUBE,SUBE,-,SUBE,SUBE,SUBE
2026-03-21,TSLA,ARIMAModel,4.1,BUY,N/D,N/D,N/D,Pendiente,SUBE,BAJA,-,SUBE,SUBE,BAJA
2026-03-21,UNH,ARIMAModel,4.1,BUY,N/D,N/D,N/D,Pendiente,SUBE,SUBE,-,SUBE,SUBE,SUBE
2026-03-21,COST,ARIMAModel,2.1,HOLD,N/D,N/D,N/D,Pendiente,SUBE,SUBE,-,SUBE,BAJA,SUBE
2026-03-21,LLY,ARIMAModel,2.1,HOLD,N/D,N/D,N/D,Pendiente,SUBE,SUBE,-,SUBE,SUBE,BAJA
2026-03-21,ORCL,ARIMAModel,2.1,HOLD,N/D,N/D,N/D,Pendiente,SUBE,SUBE,-,SUBE,BAJA,SUBE
2026-03-21,AMD,ARIMAModel,1.9,HOLD,N/D,N/D,N/D,Pendiente,SUBE,BAJA,-,SUBE,SUBE,BAJA
2026-03-21,CRM,ARIMAModel,1.7,HOLD,N/D,N/D,N/D,Pendiente,BAJA,SUBE,-,SUBE,SUBE,SUBE
2026-03-21,MA,ARIMAModel,1.7,HOLD,N/D,N/D,N/D,Pendiente,BAJA,SUBE,-,SUBE,SUBE,SUBE
2026-03-21,PG,ARIMAModel,1.7,HOLD,N/D,N/D,N/D,Pendiente,BAJA,SUBE,-,SUBE,BAJA,SUBE
2026-03-21,V,ARIMAModel,1.7,HOLD,N/D,N/D,N/D,Pendiente,BAJA,SUBE,-,SUBE,SUBE,SUBE
2026-03-21,CAT,ARIMAModel,-0.1,HOLD,N/D,N/D,N/D,Pendiente,SUBE,SUBE,-,BAJA,SUBE,BAJA
2026-03-21,MRK,ARIMAModel,-1.7,HOLD,N/D,N/D,N/D,Pendiente,SUBE,SUBE,-,BAJA,BAJA,BAJA
2026-03-21,NEE,ARIMAModel,-1.7,HOLD,N/D,N/D,N/D,Pendiente,SUBE,BAJA,-,BAJA,BAJA,BAJA
2026-03-21,WMT,ARIMAModel,-1.7,HOLD,N/D,N/D,N/D,Pendiente,SUBE,BAJA,-,BAJA,BAJA,BAJA
2026-03-21,XOM,ARIMAModel,-1.7,HOLD,N/D,N/D,N/D,Pendiente,SUBE,BAJA,-,BAJA,BAJA,BAJA
2026-03-21,MCD,ARIMAModel,-2.1,SELL,N/D,N/D,N/D,Pendiente,BAJA,BAJA,-,BAJA,SUBE,SUBE
2026-03-21,TSM,ARIMAModel,-2.1,SELL,N/D,N/D,N/D,Pendiente,BAJA,BAJA,-,SUBE,SUBE,BAJA
2026-03-21,AAPL,ARIMAModel,-4.1,SELL,N/D,N/D,N/D,Pendiente,BAJA,BAJA,-,SUBE,BAJA,SUBE
2026-03-21,AMZN,ARIMAModel,-4.1,SELL,N/D,N/D,N/D,Pendiente,BAJA,BAJA,-,SUBE,BAJA,BAJA
2026-03-21,LMT,ARIMAModel,-4.1,SELL,N/D,N/D,N/D,Pendiente,BAJA,BAJA,-,BAJA,BAJA,BAJA
2026-03-06,ASML,ARIMAModel,4.1,BUY,-3.74%,N/D,N/D,Pendiente,SUBE,SUBE,-,SUBE,SUBE,SUBE
2026-03-06,GOOGL,ARIMAModel,4.1,BUY,0.04%,N/D,N/D,Pendiente,SUBE,SUBE,-,SUBE,SUBE,SUBE
2026-03-06,JNJ,ARIMAModel,4.1,BUY,-1.78%,N/D,N/D,Pendiente,SUBE,SUBE,-,SUBE,SUBE,SUBE
2026-03-06,META,ARIMAModel,4.1,BUY,-10.13%,N/D,N/D,Pendiente,SUBE,SUBE,-,BAJA,SUBE,SUBE
2026-03-06,MSFT,ARIMAModel,4.1,BUY,-7.02%,N/D,N/D,Pendiente,SUBE,SUBE,-,SUBE,SUBE,SUBE
2026-03-06,PLTR,ARIMAModel,4.1,BUY,-1.30%,N/D,N/D,Pendiente,SUBE,SUBE,-,SUBE,SUBE,SUBE
2026-03-06,AMD,ARIMAModel,2.1,HOLD,0.94%,N/D,N/D,Pendiente,SUBE,BAJA,-,SUBE,BAJA,SUBE
2026-03-06,BRK-B,ARIMAModel,2.1,HOLD,-3.89%,N/D,N/D,Pendiente,SUBE,SUBE,-,SUBE,BAJA,BAJA
2026-03-06,COST,ARIMAModel,2.1,HOLD,-1.04%,N/D,N/D,Pendiente,SUBE,SUBE,-,SUBE,BAJA,SUBE
2026-03-06,LLY,ARIMAModel,2.1,HOLD,-7.79%,N/D,N/D,Pendiente,SUBE,SUBE,-,SUBE,BAJA,BAJA
2026-03-06,UNH,ARIMAModel,2.1,HOLD,-4.56%,N/D,N/D,Pendiente,SUBE,SUBE,-,SUBE,BAJA,SUBE
2026-03-06,CRM,ARIMAModel,1.7,HOLD,-2.98%,N/D,N/D,Pendiente,BAJA,SUBE,-,SUBE,SUBE,SUBE
2026-03-06,MA,ARIMAModel,1.7,HOLD,-5.40%,N/D,N/D,Pendiente,BAJA,SUBE,-,SUBE,SUBE,BAJA
2026-03-06,V,ARIMAModel,1.7,HOLD,-5.68%,N/D,N/D,Pendiente,BAJA,SUBE,-,SUBE,SUBE,SUBE
2026-03-06,AVGO,ARIMAModel,0.5,HOLD,-6.69%,N/D,N/D,Pendiente,SUBE,BAJA,-,SUBE,BAJA,BAJA
2026-03-06,CAT,ARIMAModel,0.3,HOLD,-3.57%,N/D,N/D,Pendiente,SUBE,BAJA,-,BAJA,SUBE,BAJA
2026-03-06,ORCL,ARIMAModel,-0.1,HOLD,-3.30%,N/D,N/D,Pendiente,SUBE,BAJA,-,SUBE,BAJA,SUBE
2026-03-06,JPM,ARIMAModel,-1.7,HOLD,-2.38%,N/D,N/D,Pendiente,SUBE,BAJA,-,BAJA,BAJA,BAJA
2026-03-06,MRK,ARIMAModel,-1.7,HOLD,-1.63%,N/D,N/D,Pendiente,SUBE,BAJA,-,BAJA,BAJA,BAJA
2026-03-06,NEE,ARIMAModel,-1.7,HOLD,-1.79%,N/D,N/D,Pendiente,SUBE,BAJA,-,BAJA,BAJA,BAJA
2026-03-06,NVDA,ARIMAModel,-1.7,HOLD,-5.80%,N/D,N/D,Pendiente,SUBE,BAJA,-,BAJA,BAJA,BAJA
2026-03-06,TSLA,ARIMAModel,-1.7,HOLD,-9.27%,N/D,N/D,Pendiente,SUBE,BAJA,-,BAJA,BAJA,SUBE
2026-03-06,WMT,ARIMAModel,-1.7,HOLD,-3.48%,N/D,N/D,Pendiente,SUBE,BAJA,-,SUBE,BAJA,BAJA
2026-03-06,XOM,ARIMAModel,-1.7,HOLD,5.91%,N/D,N/D,Pendiente,SUBE,BAJA,-,BAJA,BAJA,BAJA
2026-03-06,PG,ARIMAModel,-1.9,SELL,-6.31%,N/D,N/D,Pendiente,BAJA,SUBE,-,SUBE,BAJA,BAJA
2026-03-06,TSM,ARIMAModel,-2.1,SELL,-6.96%,N/D,N/D,Pendiente,BAJA,BAJA,-,SUBE,BAJA,SUBE
2026-03-06,AAPL,ARIMAModel,-4.1,SELL,-4.73%,N/D,N/D,Pendiente,BAJA,BAJA,-,BAJA,BAJA,BAJA
2026-03-06,AMZN,ARIMAModel,-4.1,SELL,-6.20%,N/D,N/D,Pendiente,BAJA,BAJA,-,BAJA,BAJA,BAJA
2026-03-06,LMT,ARIMAModel,-4.1,SELL,-4.21%,N/D,N/D,Pendiente,BAJA,BAJA,-,BAJA,SUBE,BAJA
2026-03-06,MCD,ARIMAModel,-4.1,SELL,-5.68%,N/D,N/D,Pendiente,BAJA,BAJA,-,BAJA,BAJA,BAJA
2026-03-05,EEM,ARIMAModel,4.1,BUY,N/D,N/D,N/D,Pendiente,SUBE,SUBE,-,SUBE,SUBE,SUBE
2026-03-05,QQQ,ARIMAModel,2.1,HOLD,N/D,N/D,N/D,Pendiente,SUBE,SUBE,-,SUBE,BAJA,BAJA
2026-03-05,GLD,ARIMAModel,-0.1,HOLD,N/D,N/D,N/D,Pendiente,SUBE,SUBE,-,BAJA,SUBE,BAJA
2026-03-05,CEMEXCPO.MX,ARIMAModel,-1.7,HOLD,N/D,N/D,N/D,Pendiente,SUBE,SUBE,-,BAJA,BAJA,BAJA
2026-03-05,GFNORTEO.MX,ARIMAModel,-1.7,HOLD,N/D,N/D,N/D,Pendiente,SUBE,SUBE,-,BAJA,BAJA,BAJA
2026-03-05,SPY,ARIMAModel,-1.7,HOLD,N/D,N/D,N/D,Pendiente,SUBE,BAJA,-,BAJA,BAJA,BAJA
2026-03-05,WALMEX.MX,ARIMAModel,-1.7,HOLD,N/D,N/D,N/D,Pendiente,SUBE,BAJA,-,SUBE,BAJA,BAJA
2026-03-05,BIMBOA.MX,ARIMAModel,-4.1,SELL,N/D,N/D,N/D,Pendiente,BAJA,BAJA,-,BAJA,SUBE,BAJA
2026-03-05,IEF,ARIMAModel,-4.1,SELL,N/D,N/D,N/D,Pendiente,BAJA,BAJA,-,BAJA,BAJA,BAJA
2026-03-05,VNQ,ARIMAModel,-4.1,SELL,N/D,N/D,N/D,Pendiente,BAJA,BAJA,-,BAJA,BAJA,BAJA
2026-03-04,CEMEXCPO.MX,ARIMAModel,2.1,HOLD,3.85%,N/D,N/D,Pendiente,SUBE,SUBE,-,SUBE,BAJA,SUBE
2026-03-04,SPY,ARIMAModel,2.1,HOLD,0.71%,N/D,N/D,Pendiente,SUBE,SUBE,-,SUBE,BAJA,BAJA
2026-03-04,WALMEX.MX,ARIMAModel,2.1,HOLD,1.92%,N/D,N/D,Pendiente,SUBE,SUBE,-,SUBE,BAJA,SUBE
2026-03-04,GLD,ARIMAModel,1.9,HOLD,0.78%,N/D,N/D,Pendiente,SUBE,SUBE,-,BAJA,SUBE,SUBE
2026-03-04,BIMBOA.MX,ARIMAModel,1.7,HOLD,5.49%,N/D,N/D,Pendiente,BAJA,SUBE,-,SUBE,SUBE,SUBE
2026-03-04,EEM,ARIMAModel,0.5,HOLD,1.08%,N/D,N/D,Pendiente,SUBE,SUBE,-,BAJA,BAJA,BAJA
2026-03-04,GFNORTEO.MX,ARIMAModel,-0.1,HOLD,4.21%,N/D,N/D,Pendiente,SUBE,SUBE,-,BAJA,BAJA,SUBE
2026-03-04,VNQ,ARIMAModel,-0.3,HOLD,0.13%,N/D,N/D,Pendiente,BAJA,SUBE,-,SUBE,BAJA,SUBE
2026-03-04,QQQ,ARIMAModel,-1.7,HOLD,1.52%,N/D,N/D,Pendiente,SUBE,BAJA,-,SUBE,BAJA,BAJA
2026-03-04,IEF,ARIMAModel,-4.1,SELL,-0.21%,N/D,N/D,Pendiente,BAJA,BAJA,-,BAJA,BAJA,BAJA
2026-03-03,EEM,ARIMAModel,4.1,BUY,-5.01%,N/D,N/D,Pendiente,SUBE,SUBE,-,BAJA,SUBE,SUBE
2026-03-03,GFNORTEO.MX,ARIMAModel,4.1,BUY,-0.83%,N/D,N/D,Pendiente,SUBE,SUBE,-,SUBE,SUBE,SUBE
2026-03-03,GLD,ARIMAModel,4.1,BUY,-4.46%,N/D,N/D,Pendiente,SUBE,SUBE,-,BAJA,SUBE,BAJA
2026-03-03,CEMEXCPO.MX,ARIMAModel,2.1,HOLD,-4.02%,N/D,N/D,Pendiente,SUBE,SUBE,-,SUBE,BAJA,SUBE
2026-03-03,WALMEX.MX,ARIMAModel,2.1,HOLD,-0.52%,N/D,N/D,Pendiente,SUBE,SUBE,-,SUBE,BAJA,SUBE
2026-03-03,BIMBOA.MX,ARIMAModel,1.7,HOLD,-1.02%,N/D,N/D,Pendiente,BAJA,SUBE,-,SUBE,SUBE,BAJA
2026-03-03,QQQ,ARIMAModel,-1.7,HOLD,-1.07%,N/D,N/D,Pendiente,SUBE,BAJA,-,SUBE,BAJA,BAJA
2026-03-03,SPY,ARIMAModel,-1.7,HOLD,-0.88%,N/D,N/D,Pendiente,SUBE,BAJA,-,BAJA,BAJA,BAJA
2026-03-03,IEF,ARIMAModel,-4.1,SELL,-0.11%,N/D,N/D,Pendiente,BAJA,BAJA,-,BAJA,BAJA,BAJA
2026-03-03,VNQ,ARIMAModel,-4.1,SELL,-0.53%,N/D,N/D,Pendiente,BAJA,BAJA,-,BAJA,BAJA,SUBE
2026-03-02,GLD,ARIMAModel,4.1,BUY,1.29%,N/D,N/D,Pendiente,SUBE,SUBE,-,BAJA,SUBE,BAJA
2026-03-02,WALMEX.MX,ARIMAModel,2.1,HOLD,0.14%,N/D,N/D,Pendiente,SUBE,SUBE,-,SUBE,BAJA,SUBE
2026-03-02,EEM,ARIMAModel,0.3,HOLD,-1.73%,N/D,N/D,Pendiente,SUBE,BAJA,-,BAJA,SUBE,BAJA
2026-03-02,GFNORTEO.MX,ARIMAModel,-0.1,HOLD,-2.45%,N/D,N/D,Pendiente,SUBE,BAJA,-,SUBE,BAJA,SUBE
2026-03-02,BIMBOA.MX,ARIMAModel,-0.3,HOLD,-1.31%,N/D,N/D,Pendiente,BAJA,SUBE,-,SUBE,SUBE,BAJA
2026-03-02,CEMEXCPO.MX,ARIMAModel,-1.7,HOLD,-2.31%,N/D,N/D,Pendiente,SUBE,BAJA,-,BAJA,BAJA,BAJA
2026-03-02,QQQ,ARIMAModel,-1.7,HOLD,0.13%,N/D,N/D,Pendiente,SUBE,BAJA,-,SUBE,BAJA,BAJA
2026-03-02,SPY,ARIMAModel,-1.7,HOLD,0.06%,N/D,N/D,Pendiente,SUBE,BAJA,-,BAJA,BAJA,BAJA
2026-03-02,IEF,ARIMAModel,-4.1,SELL,-0.89%,N/D,N/D,Pendiente,BAJA,BAJA,-,BAJA,BAJA,BAJA
2026-03-02,VNQ,ARIMAModel,-4.1,SELL,0.25%,N/D,N/D,Pendiente,BAJA,SUBE,-,BAJA,SUBE,BAJA
2026-03-01,GLD,ARIMAModel,4.1,BUY,0.00%,N/D,N/D,Pendiente,SUBE,SUBE,-,BAJA,SUBE,SUBE
2026-03-01,WALMEX.MX,ARIMAModel,2.1,HOLD,0.00%,N/D,N/D,Pendiente,SUBE,SUBE,-,SUBE,BAJA,BAJA
2026-03-01,EEM,ARIMAModel,0.3,HOLD,0.00%,N/D,N/D,Pendiente,SUBE,BAJA,-,BAJA,SUBE,BAJA
2026-03-01,CEMEXCPO.MX,ARIMAModel,-1.7,HOLD,0.00%,N/D,N/D,Pendiente,SUBE,BAJA,-,BAJA,BAJA,BAJA
2026-03-01,GFNORTEO.MX,ARIMAModel,-1.7,HOLD,0.00%,N/D,N/D,Pendiente,SUBE,BAJA,-,BAJA,BAJA,SUBE
2026-03-01,QQQ,ARIMAModel,-1.7,HOLD,0.00%,N/D,N/D,Pendiente,SUBE,BAJA,-,SUBE,BAJA,BAJA
2026-03-01,SPY,ARIMAModel,-1.7,HOLD,0.00%,N/D,N/D,Pendiente,SUBE,BAJA,-,BAJA,BAJA,BAJA
2026-03-01,BIMBOA.MX,ARIMAModel,-4.1,SELL,0.00%,N/D,N/D,Pendiente,BAJA,BAJA,-,SUBE,SUBE,BAJA
2026-03-01,IEF,ARIMAModel,-4.1,SELL,0.00%,N/D,N/D,Pendiente,BAJA,SUBE,-,BAJA,BAJA,BAJA
2026-03-01,VNQ,ARIMAModel,-4.1,SELL,0.00%,N/D,N/D,Pendiente,BAJA,SUBE,-,BAJA,SUBE,BAJA
2026-02-28,GLD,ARIMAModel,4.1,BUY,0.00%,-2.47%,N/D,Fallo,SUBE,SUBE,-,BAJA,SUBE,SUBE
2026-02-28,WALMEX.MX,ARIMAModel,2.1,HOLD,0.29%,1.83%,N/D,Fallo,SUBE,SUBE,-,SUBE,BAJA,SUBE
2026-02-28,BIMBOA.MX,ARIMAModel,1.7,HOLD,0.19%,3.25%,N/D,Fallo,BAJA,SUBE,-,SUBE,SUBE,BAJA
2026-02-28,EEM,ARIMAModel,0.3,HOLD,0.00%,-5.64%,N/D,Fallo,SUBE,BAJA,-,BAJA,SUBE,BAJA
2026-02-28,GFNORTEO.MX,ARIMAModel,-0.1,HOLD,-0.29%,0.52%,N/D,Acierto,SUBE,BAJA,-,SUBE,BAJA,SUBE
2026-02-28,CEMEXCPO.MX,ARIMAModel,-1.7,HOLD,0.28%,-2.37%,N/D,Fallo,SUBE,BAJA,-,BAJA,BAJA,BAJA
2026-02-28,QQQ,ARIMAModel,-1.7,HOLD,0.00%,0.57%,N/D,Acierto,SUBE,BAJA,-,SUBE,BAJA,BAJA
2026-02-28,SPY,ARIMAModel,-1.7,HOLD,0.00%,-0.13%,N/D,Acierto,SUBE,BAJA,-,BAJA,BAJA,BAJA
2026-02-28,IEF,ARIMAModel,-4.1,SELL,0.00%,-1.20%,N/D,Acierto,BAJA,BAJA,-,BAJA,BAJA,BAJA
2026-02-28,VNQ,ARIMAModel,-4.1,SELL,0.00%,-0.16%,N/D,Acierto,BAJA,SUBE,-,BAJA,SUBE,BAJA
2026-02-27,VNQ,ARIMAModel,1.7,HOLD,0.18%,-0.10%,N/D,Acierto,BAJA,SUBE,-,SUBE,SUBE,SUBE
2026-02-27,WALMEX.MX,ARIMAModel,0.5,HOLD,-1.33%,-1.42%,N/D,Fallo,SUBE,BAJA,-,BAJA,BAJA,SUBE
2026-02-27,EEM,ARIMAModel,0.3,HOLD,-0.21%,-6.84%,N/D,Fallo,SUBE,BAJA,-,BAJA,SUBE,BAJA
2026-02-27,GLD,ARIMAModel,-0.1,HOLD,1.31%,-1.96%,N/D,Fallo,SUBE,SUBE,-,BAJA,SUBE,BAJA
2026-02-27,CEMEXCPO.MX,ARIMAModel,-1.7,HOLD,-1.73%,-7.61%,N/D,Fallo,SUBE,SUBE,-,BAJA,BAJA,BAJA
2026-02-27,GFNORTEO.MX,ARIMAModel,-1.7,HOLD,-1.23%,-4.72%,N/D,Fallo,SUBE,BAJA,-,BAJA,SUBE,BAJA
2026-02-27,QQQ,ARIMAModel,-1.7,HOLD,-0.32%,-1.26%,N/D,Fallo,SUBE,BAJA,-,BAJA,BAJA,BAJA
2026-02-27,SPY,ARIMAModel,-1.7,HOLD,-0.48%,-1.30%,N/D,Fallo,SUBE,BAJA,-,BAJA,SUBE,BAJA
2026-02-27,BIMBOA.MX,ARIMAModel,-4.1,SELL,-2.92%,-4.99%,N/D,Acierto,BAJA,BAJA,-,BAJA,SUBE,BAJA
2026-02-27,IEF,ARIMAModel,-4.1,SELL,0.40%,-0.60%,N/D,Acierto,BAJA,BAJA,-,BAJA,BAJA,SUBE
2026-02-26,WALMEX.MX,ARIMAModel,2.1,HOLD,-0.19%,-1.10%,N/D,Fallo,SUBE,SUBE,-,SUBE,BAJA,BAJA
2026-02-26,BIMBOA.MX,ARIMAModel,0.1,HOLD,2.55%,-1.56%,N/D,Fallo,BAJA,BAJA,-,SUBE,SUBE,BAJA
2026-02-26,EEM,ARIMAModel,-0.1,HOLD,-0.95%,-2.86%,N/D,Fallo,SUBE,SUBE,-,BAJA,SUBE,BAJA
2026-02-26,VNQ,ARIMAModel,-0.5,HOLD,0.69%,1.12%,N/D,Fallo,BAJA,BAJA,-,SUBE,SUBE,SUBE
2026-02-26,SPY,ARIMAModel,-0.7,HOLD,-0.56%,-0.98%,N/D,Acierto,SUBE,BAJA,-,BAJA,SUBE,BAJA
2026-02-26,CEMEXCPO.MX,ARIMAModel,-1.7,HOLD,0.05%,-3.69%,N/D,Fallo,SUBE,SUBE,-,BAJA,BAJA,BAJA
2026-02-26,GFNORTEO.MX,ARIMAModel,-1.7,HOLD,-0.02%,-3.94%,N/D,Fallo,SUBE,BAJA,-,BAJA,BAJA,BAJA
2026-02-26,GLD,ARIMAModel,-1.7,HOLD,0.86%,3.50%,N/D,Fallo,SUBE,SUBE,-,BAJA,BAJA,BAJA
2026-02-26,QQQ,ARIMAModel,-1.7,HOLD,-1.21%,-1.39%,N/D,Fallo,SUBE,BAJA,-,SUBE,BAJA,BAJA
2026-02-26,IEF,ARIMAModel,-4.1,SELL,0.27%,-0.23%,N/D,Acierto,BAJA,BAJA,-,BAJA,BAJA,BAJA
2026-02-25,EEM,ARIMAModel,4.1,BUY,1.10%,-0.06%,N/D,Fallo,SUBE,SUBE,-,BAJA,SUBE,BAJA
2026-02-25,SPY,ARIMAModel,2.5,HOLD,0.84%,-0.20%,N/D,Acierto,SUBE,SUBE,-,BAJA,BAJA,BAJA
2026-02-25,GFNORTEO.MX,ARIMAModel,0.3,HOLD,-0.47%,-1.99%,N/D,Fallo,SUBE,BAJA,-,BAJA,BAJA,SUBE
2026-02-25,GLD,ARIMAModel,0.3,HOLD,-0.25%,1.93%,N/D,Fallo,SUBE,BAJA,-,BAJA,SUBE,BAJA
2026-02-25,BIMBOA.MX,ARIMAModel,-0.5,HOLD,-0.17%,-0.43%,N/D,Acierto,BAJA,BAJA,-,SUBE,SUBE,SUBE
2026-02-25,CEMEXCPO.MX,ARIMAModel,-1.7,HOLD,1.57%,0.14%,N/D,Acierto,SUBE,SUBE,-,BAJA,BAJA,BAJA
2026-02-25,QQQ,ARIMAModel,-1.7,HOLD,1.45%,-0.10%,N/D,Acierto,SUBE,BAJA,-,BAJA,BAJA,SUBE
2026-02-25,WALMEX.MX,ARIMAModel,-1.7,HOLD,-2.48%,-3.69%,N/D,Fallo,SUBE,BAJA,-,BAJA,BAJA,BAJA
2026-02-25,IEF,ARIMAModel,-4.1,SELL,-0.08%,0.59%,N/D,Fallo,BAJA,BAJA,-,BAJA,BAJA,SUBE
2026-02-25,VNQ,ARIMAModel,-4.1,SELL,-0.27%,0.59%,N/D,Fallo,BAJA,BAJA,-,BAJA,BAJA,BAJA
2026-02-24,EEM,ARIMAModel,4.1,BUY,1.57%,1.51%,N/D,Acierto,SUBE,BAJA,-,SUBE,SUBE,BAJA
2026-02-24,WALMEX.MX,ARIMAModel,4.1,BUY,1.17%,-2.56%,N/D,Fallo,SUBE,BAJA,-,SUBE,SUBE,BAJA
2026-02-24,SPY,ARIMAModel,0.5,HOLD,0.73%,0.53%,N/D,Acierto,SUBE,SUBE,-,BAJA,BAJA,BAJA
2026-02-24,BIMBOA.MX,ARIMAModel,-0.5,HOLD,-0.57%,-1.00%,N/D,Acierto,BAJA,BAJA,-,SUBE,SUBE,SUBE
2026-02-24,QQQ,ARIMAModel,-0.7,HOLD,1.07%,0.98%,N/D,Acierto,SUBE,BAJA,-,BAJA,BAJA,SUBE
2026-02-24,CEMEXCPO.MX,ARIMAModel,-1.7,HOLD,0.84%,0.98%,N/D,Acierto,SUBE,BAJA,-,BAJA,BAJA,BAJA
2026-02-24,GFNORTEO.MX,ARIMAModel,-1.7,HOLD,0.46%,-1.53%,N/D,Fallo,SUBE,BAJA,-,BAJA,SUBE,BAJA
2026-02-24,GLD,ARIMAModel,-1.7,HOLD,-1.39%,0.51%,N/D,Acierto,SUBE,BAJA,-,BAJA,SUBE,BAJA
2026-02-24,IEF,ARIMAModel,-3.1,SELL,-0.02%,0.56%,N/D,Fallo,BAJA,BAJA,-,BAJA,BAJA,SUBE
2026-02-24,VNQ,ARIMAModel,-4.1,SELL,0.25%,0.84%,N/D,Fallo,BAJA,BAJA,-,SUBE,BAJA,BAJA
2026-02-23,SPY,ARIMAModel,2.5,HOLD,-1.02%,-0.50%,N/D,Acierto,SUBE,SUBE,-,BAJA,BAJA,BAJA
2026-02-23,BIMBOA.MX,ARIMAModel,1.7,HOLD,-1.22%,-2.39%,N/D,Fallo,BAJA,BAJA,-,SUBE,SUBE,SUBE
2026-02-23,EEM,ARIMAModel,0.3,HOLD,-1.11%,0.38%,N/D,Acierto,SUBE,BAJA,-,BAJA,SUBE,BAJA
2026-02-23,QQQ,ARIMAModel,-0.7,HOLD,-1.22%,-0.25%,N/D,Acierto,SUBE,BAJA,-,BAJA,BAJA,BAJA
2026-02-23,CEMEXCPO.MX,ARIMAModel,-1.7,HOLD,-3.08%,-2.40%,N/D,Fallo,SUBE,BAJA,-,BAJA,BAJA,BAJA
2026-02-23,GFNORTEO.MX,ARIMAModel,-1.7,HOLD,-0.40%,-1.64%,N/D,Fallo,SUBE,BAJA,-,BAJA,BAJA,SUBE
2026-02-23,GLD,ARIMAModel,-1.7,HOLD,2.70%,3.23%,N/D,Fallo,SUBE,BAJA,-,BAJA,BAJA,BAJA
2026-02-23,WALMEX.MX,ARIMAModel,-1.7,HOLD,-1.00%,-3.81%,N/D,Fallo,SUBE,BAJA,-,BAJA,SUBE,BAJA
2026-02-23,IEF,ARIMAModel,-1.9,SELL,0.36%,0.93%,N/D,Fallo,BAJA,SUBE,-,BAJA,BAJA,BAJA
2026-02-23,VNQ,ARIMAModel,-4.1,SELL,0.01%,0.85%,N/D,Fallo,BAJA,BAJA,-,SUBE,BAJA,BAJA
2026-02-22,EEM,ARIMAModel,4.1,BUY,0.00%,0.59%,N/D,Acierto,SUBE,BAJA,-,SUBE,SUBE,BAJA
2026-02-22,SPY,ARIMAModel,2.5,HOLD,0.00%,-0.02%,N/D,Acierto,SUBE,SUBE,-,BAJA,BAJA,BAJA
2026-02-22,BIMBOA.MX,ARIMAModel,-0.5,HOLD,0.00%,0.55%,N/D,Acierto,BAJA,BAJA,-,SUBE,SUBE,SUBE
2026-02-22,QQQ,ARIMAModel,-0.7,HOLD,0.00%,0.07%,N/D,Acierto,SUBE,BAJA,-,BAJA,BAJA,BAJA
2026-02-22,CEMEXCPO.MX,ARIMAModel,-1.7,HOLD,0.00%,-0.68%,N/D,Acierto,SUBE,BAJA,-,BAJA,BAJA,BAJA
2026-02-22,GFNORTEO.MX,ARIMAModel,-1.7,HOLD,0.00%,-0.42%,N/D,Acierto,SUBE,BAJA,-,BAJA,BAJA,SUBE
2026-02-22,GLD,ARIMAModel,-1.7,HOLD,0.00%,1.89%,N/D,Fallo,SUBE,BAJA,-,BAJA,SUBE,BAJA
2026-02-22,WALMEX.MX,ARIMAModel,-1.7,HOLD,0.00%,-2.52%,N/D,Fallo,SUBE,BAJA,-,BAJA,SUBE,BAJA
2026-02-22,IEF,ARIMAModel,-4.1,SELL,0.00%,0.53%,N/D,Fallo,BAJA,SUBE,-,BAJA,BAJA,SUBE
2026-02-22,VNQ,ARIMAModel,-4.1,SELL,0.00%,0.67%,N/D,Fallo,BAJA,BAJA,-,SUBE,BAJA,BAJA
2026-02-21,EEM,ARIMAModel,4.1,BUY,0.00%,1.56%,N/D,Acierto,SUBE,BAJA,-,SUBE,SUBE,BAJA
2026-02-21,BIMBOA.MX,ARIMAModel,1.7,HOLD,-0.19%,-2.14%,N/D,Fallo,BAJA,BAJA,-,SUBE,SUBE,SUBE
2026-02-21,QQQ,ARIMAModel,-0.7,HOLD,0.00%,1.29%,N/D,Fallo,SUBE,BAJA,-,BAJA,BAJA,BAJA
2026-02-21,CEMEXCPO.MX,ARIMAModel,-1.7,HOLD,0.23%,-0.50%,N/D,Acierto,SUBE,BAJA,-,BAJA,BAJA,BAJA
2026-02-21,GFNORTEO.MX,ARIMAModel,-1.7,HOLD,-0.17%,-0.57%,N/D,Acierto,SUBE,BAJA,-,BAJA,BAJA,SUBE
2026-02-21,GLD,ARIMAModel,-1.7,HOLD,0.00%,1.02%,N/D,Fallo,SUBE,BAJA,-,BAJA,SUBE,BAJA
2026-02-21,SPY,ARIMAModel,-1.7,HOLD,0.00%,0.54%,N/D,Acierto,SUBE,BAJA,-,BAJA,BAJA,BAJA
2026-02-21,WALMEX.MX,ARIMAModel,-1.7,HOLD,0.05%,-2.28%,N/D,Fallo,SUBE,BAJA,-,BAJA,SUBE,BAJA
2026-02-21,IEF,ARIMAModel,-4.1,SELL,0.00%,0.26%,N/D,Fallo,BAJA,SUBE,-,BAJA,BAJA,SUBE
2026-02-21,VNQ,ARIMAModel,-4.1,SELL,0.00%,-0.01%,N/D,Acierto,BAJA,BAJA,-,SUBE,BAJA,BAJA
2026-02-20,EEM,ARIMAModel,4.1,BUY,2.13%,2.59%,N/D,Acierto,SUBE,BAJA,-,SUBE,SUBE,BAJA
2026-02-20,CEMEXCPO.MX,ARIMAModel,2.1,HOLD,0.82%,-1.24%,N/D,Fallo,SUBE,SUBE,-,BAJA,BAJA,SUBE
2026-02-20,GLD,ARIMAModel,2.1,HOLD,1.97%,3.27%,N/D,Fallo,SUBE,SUBE,-,BAJA,SUBE,BAJA
2026-02-20,GFNORTEO.MX,ARIMAModel,-1.7,HOLD,-0.17%,-0.27%,N/D,Acierto,SUBE,BAJA,-,BAJA,BAJA,SUBE
2026-02-20,QQQ,ARIMAModel,-1.7,HOLD,0.88%,0.73%,N/D,Acierto,SUBE,BAJA,-,BAJA,BAJA,BAJA
2026-02-20,SPY,ARIMAModel,-1.7,HOLD,0.72%,0.42%,N/D,Acierto,SUBE,BAJA,-,BAJA,BAJA,BAJA
2026-02-20,WALMEX.MX,ARIMAModel,-1.7,HOLD,0.28%,0.48%,N/D,Acierto,SUBE,BAJA,-,BAJA,SUBE,BAJA
2026-02-20,VNQ,ARIMAModel,-1.9,SELL,0.75%,1.02%,N/D,Fallo,BAJA,SUBE,-,SUBE,BAJA,BAJA
2026-02-20,BIMBOA.MX,ARIMAModel,-2.1,SELL,-1.17%,-3.11%,N/D,Acierto,BAJA,BAJA,-,BAJA,SUBE,SUBE
2026-02-20,IEF,ARIMAModel,-4.1,SELL,0.00%,0.34%,N/D,Fallo,BAJA,BAJA,-,BAJA,BAJA,SUBE
2026-02-19,CEMEXCPO.MX,ARIMAModel,2.1,HOLD,1.11%,-0.97%,N/D,Acierto,SUBE,BAJA,-,SUBE,BAJA,SUBE
2026-02-19,QQQ,ARIMAModel,2.1,HOLD,-0.38%,-0.72%,N/D,Acierto,SUBE,SUBE,-,SUBE,BAJA,SUBE
2026-02-19,BIMBOA.MX,ARIMAModel,1.7,HOLD,-2.30%,-4.80%,N/D,Fallo,BAJA,SUBE,-,BAJA,SUBE,SUBE
2026-02-19,EEM,ARIMAModel,0.3,HOLD,-0.25%,0.75%,N/D,Acierto,SUBE,BAJA,-,BAJA,SUBE,BAJA
2026-02-19,IEF,ARIMAModel,-0.9,HOLD,0.09%,0.45%,N/D,Acierto,BAJA,SUBE,-,SUBE,BAJA,BAJA
2026-02-19,GFNORTEO.MX,ARIMAModel,-1.7,HOLD,-0.71%,-1.44%,N/D,Fallo,SUBE,BAJA,-,BAJA,SUBE,BAJA
2026-02-19,GLD,ARIMAModel,-1.7,HOLD,0.28%,5.02%,N/D,Fallo,SUBE,SUBE,-,BAJA,BAJA,BAJA
2026-02-19,SPY,ARIMAModel,-1.7,HOLD,-0.26%,-0.57%,N/D,Acierto,SUBE,SUBE,-,BAJA,BAJA,BAJA
2026-02-19,WALMEX.MX,ARIMAModel,-1.7,HOLD,-0.05%,-0.73%,N/D,Acierto,SUBE,BAJA,-,BAJA,BAJA,BAJA
2026-02-19,VNQ,ARIMAModel,-2.1,SELL,-0.21%,0.55%,N/D,Fallo,BAJA,BAJA,-,BAJA,SUBE,SUBE
2026-02-18,GLD,ARIMAModel,4.1,BUY,2.25%,4.56%,N/D,Acierto,SUBE,SUBE,-,BAJA,SUBE,SUBE
2026-02-18,EEM,ARIMAModel,1.9,HOLD,0.53%,2.41%,N/D,Fallo,SUBE,SUBE,-,BAJA,SUBE,BAJA
2026-02-18,QQQ,ARIMAModel,0.5,HOLD,0.75%,1.25%,N/D,Fallo,SUBE,SUBE,-,BAJA,BAJA,BAJA
2026-02-18,CEMEXCPO.MX,ARIMAModel,-1.7,HOLD,0.56%,2.74%,N/D,Fallo,SUBE,BAJA,-,BAJA,BAJA,BAJA
2026-02-18,GFNORTEO.MX,ARIMAModel,-1.7,HOLD,-0.94%,-1.98%,N/D,Fallo,SUBE,BAJA,-,BAJA,SUBE,BAJA
2026-02-18,SPY,ARIMAModel,-1.7,HOLD,0.50%,0.96%,N/D,Acierto,SUBE,BAJA,-,BAJA,BAJA,BAJA
2026-02-18,WALMEX.MX,ARIMAModel,-1.7,HOLD,-2.15%,-1.88%,N/D,Fallo,SUBE,BAJA,-,BAJA,BAJA,BAJA
2026-02-18,IEF,ARIMAModel,-1.9,SELL,-0.21%,-0.11%,N/D,Acierto,BAJA,SUBE,-,SUBE,BAJA,BAJA
2026-02-18,VNQ,ARIMAModel,-2.1,SELL,-1.17%,-0.64%,N/D,Acierto,BAJA,BAJA,-,BAJA,SUBE,BAJA
2026-02-18,BIMBOA.MX,ARIMAModel,-4.1,SELL,-2.95%,-6.47%,N/D,Acierto,BAJA,BAJA,-,SUBE,SUBE,BAJA
2026-02-17,GFNORTEO.MX,ARIMAModel,1.9,HOLD,0.77%,-1.22%,N/D,Fallo,SUBE,SUBE,-,BAJA,SUBE,SUBE
2026-02-17,EEM,ARIMAModel,0.3,HOLD,-0.41%,2.00%,N/D,Fallo,SUBE,BAJA,-,BAJA,SUBE,BAJA
2026-02-17,CEMEXCPO.MX,ARIMAModel,-1.7,HOLD,-1.19%,1.52%,N/D,Fallo,SUBE,BAJA,-,BAJA,BAJA,BAJA
2026-02-17,GLD,ARIMAModel,-1.7,HOLD,-3.12%,1.30%,N/D,Fallo,SUBE,BAJA,-,BAJA,BAJA,BAJA
2026-02-17,QQQ,ARIMAModel,-1.7,HOLD,-0.10%,1.14%,N/D,Fallo,SUBE,SUBE,-,BAJA,BAJA,BAJA
2026-02-17,SPY,ARIMAModel,-1.7,HOLD,0.16%,1.13%,N/D,Fallo,SUBE,BAJA,-,BAJA,BAJA,BAJA
2026-02-17,WALMEX.MX,ARIMAModel,-1.7,HOLD,1.81%,-0.10%,N/D,Acierto,SUBE,BAJA,-,BAJA,BAJA,BAJA
2026-02-17,VNQ,ARIMAModel,-2.1,SELL,0.95%,0.31%,N/D,Fallo,BAJA,BAJA,-,BAJA,SUBE,BAJA
2026-02-17,BIMBOA.MX,ARIMAModel,-4.1,SELL,0.85%,-5.67%,N/D,Acierto,BAJA,BAJA,-,SUBE,BAJA,BAJA
2026-02-17,IEF,ARIMAModel,-4.1,SELL,-0.01%,-0.12%,N/D,Acierto,BAJA,BAJA,-,BAJA,BAJA,SUBE
2026-02-16,EEM,ARIMAModel,0.3,HOLD,0.00%,2.00%,N/D,Fallo,SUBE,BAJA,-,BAJA,SUBE,BAJA
2026-02-16,IEF,ARIMAModel,-0.3,HOLD,0.00%,-0.12%,N/D,Acierto,BAJA,SUBE,-,SUBE,BAJA,SUBE
2026-02-16,CEMEXCPO.MX,ARIMAModel,-1.7,HOLD,1.02%,2.32%,N/D,Fallo,SUBE,BAJA,-,BAJA,BAJA,BAJA
2026-02-16,GFNORTEO.MX,ARIMAModel,-1.7,HOLD,-1.00%,-2.05%,N/D,Fallo,SUBE,BAJA,-,BAJA,BAJA,BAJA
2026-02-16,GLD,ARIMAModel,-1.7,HOLD,0.00%,1.30%,N/D,Fallo,SUBE,BAJA,-,BAJA,BAJA,BAJA
2026-02-16,QQQ,ARIMAModel,-1.7,HOLD,0.00%,1.14%,N/D,Fallo,SUBE,SUBE,-,BAJA,BAJA,BAJA
2026-02-16,SPY,ARIMAModel,-1.7,HOLD,0.00%,1.13%,N/D,Fallo,SUBE,BAJA,-,BAJA,BAJA,BAJA
2026-02-16,WALMEX.MX,ARIMAModel,-1.7,HOLD,-0.53%,-0.69%,N/D,Acierto,SUBE,BAJA,-,BAJA,BAJA,SUBE
2026-02-16,VNQ,ARIMAModel,-2.1,SELL,0.00%,0.31%,N/D,Fallo,BAJA,BAJA,-,SUBE,SUBE,BAJA
2026-02-16,BIMBOA.MX,ARIMAModel,-4.1,SELL,0.37%,-5.15%,N/D,Acierto,BAJA,BAJA,-,BAJA,BAJA,BAJA
2026-02-15,EEM,ARIMAModel,0.3,HOLD,0.00%,-0.13%,N/D,Acierto,SUBE,BAJA,-,BAJA,SUBE,BAJA
2026-02-15,CEMEXCPO.MX,ARIMAModel,-1.7,HOLD,0.00%,1.49%,N/D,Fallo,SUBE,BAJA,-,BAJA,BAJA,BAJA
2026-02-15,GFNORTEO.MX,ARIMAModel,-1.7,HOLD,0.00%,-1.88%,N/D,Fallo,SUBE,BAJA,-,BAJA,BAJA,BAJA
2026-02-15,GLD,ARIMAModel,-1.7,HOLD,0.00%,-0.66%,N/D,Acierto,SUBE,BAJA,-,BAJA,BAJA,BAJA
2026-02-15,QQQ,ARIMAModel,-1.7,HOLD,0.00%,0.26%,N/D,Acierto,SUBE,SUBE,-,BAJA,BAJA,BAJA
2026-02-15,SPY,ARIMAModel,-1.7,HOLD,0.00%,0.40%,N/D,Acierto,SUBE,BAJA,-,BAJA,BAJA,BAJA
2026-02-15,WALMEX.MX,ARIMAModel,-1.7,HOLD,0.00%,-0.96%,N/D,Acierto,SUBE,BAJA,-,BAJA,BAJA,BAJA
2026-02-15,BIMBOA.MX,ARIMAModel,-4.1,SELL,0.00%,-4.02%,N/D,Acierto,BAJA,BAJA,-,BAJA,BAJA,BAJA
2026-02-15,IEF,ARIMAModel,-4.1,SELL,0.00%,-0.12%,N/D,Acierto,BAJA,BAJA,-,BAJA,BAJA,SUBE
2026-02-15,VNQ,ARIMAModel,-4.1,SELL,0.00%,-0.44%,N/D,Acierto,BAJA,BAJA,-,SUBE,BAJA,BAJA
2026-02-14,EEM,ARIMAModel,0.3,HOLD,0.00%,0.11%,N/D,Acierto,SUBE,BAJA,-,BAJA,SUBE,BAJA
2026-02-14,QQQ,ARIMAModel,-0.1,HOLD,0.00%,0.64%,N/D,Acierto,SUBE,SUBE,-,BAJA,BAJA,SUBE
2026-02-14,CEMEXCPO.MX,ARIMAModel,-1.7,HOLD,0.00%,0.37%,N/D,Acierto,SUBE,BAJA,-,BAJA,BAJA,BAJA
2026-02-14,GFNORTEO.MX,ARIMAModel,-1.7,HOLD,-0.34%,-1.51%,N/D,Fallo,SUBE,BAJA,-,BAJA,BAJA,BAJA
2026-02-14,GLD,ARIMAModel,-1.7,HOLD,0.00%,-0.94%,N/D,Acierto,SUBE,BAJA,-,BAJA,BAJA,BAJA
2026-02-14,SPY,ARIMAModel,-1.7,HOLD,0.00%,0.67%,N/D,Acierto,SUBE,BAJA,-,BAJA,BAJA,BAJA
2026-02-14,WALMEX.MX,ARIMAModel,-1.7,HOLD,-0.07%,-0.98%,N/D,Acierto,SUBE,BAJA,-,BAJA,BAJA,BAJA
2026-02-14,VNQ,ARIMAModel,-2.1,SELL,0.00%,-0.23%,N/D,Acierto,BAJA,BAJA,-,BAJA,SUBE,BAJA
2026-02-14,BIMBOA.MX,ARIMAModel,-4.1,SELL,-0.38%,-2.14%,N/D,Acierto,BAJA,BAJA,-,BAJA,BAJA,BAJA
2026-02-14,IEF,ARIMAModel,-4.1,SELL,0.00%,-0.22%,N/D,Acierto,BAJA,BAJA,-,BAJA,BAJA,BAJA
2026-02-13,SPY,ARIMAModel,2.5,HOLD,0.07%,0.23%,0.57%,Acierto,SUBE,BAJA,-,BAJA,SUBE,BAJA
2026-02-13,VNQ,ARIMAModel,1.7,HOLD,1.44%,2.40%,2.46%,Fallo,BAJA,SUBE,-,SUBE,SUBE,BAJA
2026-02-13,QQQ,ARIMAModel,0.5,HOLD,0.21%,0.11%,1.68%,Acierto,SUBE,SUBE,-,BAJA,BAJA,BAJA
2026-02-13,WALMEX.MX,ARIMAModel,0.5,HOLD,0.59%,1.79%,-2.17%,Fallo,SUBE,SUBE,-,BAJA,BAJA,BAJA
2026-02-13,EEM,ARIMAModel,0.3,HOLD,0.43%,0.02%,-2.97%,Acierto,SUBE,BAJA,-,BAJA,SUBE,BAJA
2026-02-13,CEMEXCPO.MX,ARIMAModel,-1.7,HOLD,1.56%,1.37%,-0.75%,Fallo,SUBE,SUBE,-,BAJA,BAJA,BAJA
2026-02-13,GFNORTEO.MX,ARIMAModel,-1.7,HOLD,1.75%,1.17%,-1.96%,Fallo,SUBE,SUBE,-,BAJA,BAJA,BAJA
2026-02-13,GLD,ARIMAModel,-1.7,HOLD,2.49%,-0.71%,4.52%,Acierto,SUBE,BAJA,-,BAJA,BAJA,SUBE
2026-02-13,IEF,ARIMAModel,-3.1,SELL,0.39%,0.38%,-0.02%,Fallo,BAJA,SUBE,-,BAJA,BAJA,SUBE
2026-02-13,BIMBOA.MX,ARIMAModel,-4.1,SELL,2.11%,2.96%,-2.95%,Fallo,BAJA,BAJA,-,BAJA,SUBE,BAJA
2026-02-12,EEM,ARIMAModel,4.1,BUY,-1.14%,-0.71%,-5.10%,Fallo,SUBE,BAJA,-,SUBE,SUBE,BAJA
2026-02-12,QQQ,ARIMAModel,2.1,HOLD,-2.03%,-1.83%,-1.88%,Fallo,SUBE,SUBE,-,BAJA,BAJA,SUBE
2026-02-12,SPY,ARIMAModel,1.9,HOLD,-1.54%,-1.48%,-1.68%,Fallo,SUBE,SUBE,-,BAJA,SUBE,BAJA
2026-02-12,WALMEX.MX,ARIMAModel,1.9,HOLD,0.38%,0.36%,-3.65%,Acierto,SUBE,SUBE,-,BAJA,SUBE,BAJA
2026-02-12,GFNORTEO.MX,ARIMAModel,0.5,HOLD,-1.02%,-0.63%,-6.88%,Acierto,SUBE,SUBE,-,BAJA,BAJA,BAJA
2026-02-12,GLD,ARIMAModel,0.3,HOLD,-3.47%,-1.07%,0.11%,Fallo,SUBE,BAJA,-,BAJA,SUBE,BAJA
2026-02-12,IEF,ARIMAModel,-0.9,HOLD,0.61%,1.01%,0.80%,Fallo,BAJA,SUBE,-,BAJA,BAJA,SUBE
2026-02-12,CEMEXCPO.MX,ARIMAModel,-1.7,HOLD,-4.76%,-2.29%,-8.98%,Fallo,SUBE,BAJA,-,BAJA,BAJA,SUBE
2026-02-12,BIMBOA.MX,ARIMAModel,-4.1,SELL,-1.89%,0.16%,-9.74%,Fallo,BAJA,BAJA,-,BAJA,SUBE,BAJA
2026-02-12,VNQ,ARIMAModel,-4.1,SELL,-0.12%,1.32%,2.21%,Fallo,BAJA,BAJA,-,SUBE,BAJA,BAJA
2026-02-11,EEM,ARIMAModel,4.1,BUY,1.58%,0.86%,1.49%,Acierto,SUBE,SUBE,-,SUBE,SUBE,BAJA
2026-02-11,WALMEX.MX,ARIMAModel,4.1,BUY,0.70%,1.60%,-2.47%,Acierto,SUBE,SUBE,-,BAJA,SUBE,SUBE
2026-02-11,SPY,ARIMAModel,2.1,HOLD,-0.02%,-1.50%,-0.83%,Fallo,SUBE,SUBE,-,BAJA,SUBE,BAJA
2026-02-11,IEF,ARIMAModel,0.7,HOLD,-0.28%,0.73%,0.63%,Acierto,BAJA,SUBE,-,SUBE,BAJA,SUBE
2026-02-11,CEMEXCPO.MX,ARIMAModel,-1.7,HOLD,0.32%,-2.97%,-4.86%,Fallo,SUBE,BAJA,-,BAJA,BAJA,BAJA
2026-02-11,GFNORTEO.MX,ARIMAModel,-1.7,HOLD,-2.25%,-1.89%,-8.21%,Fallo,SUBE,SUBE,-,BAJA,BAJA,BAJA
2026-02-11,GLD,ARIMAModel,-1.7,HOLD,1.13%,0.05%,5.97%,Acierto,SUBE,SUBE,-,BAJA,BAJA,BAJA
2026-02-11,QQQ,ARIMAModel,-1.7,HOLD,0.27%,-1.56%,-0.55%,Fallo,SUBE,BAJA,-,BAJA,BAJA,BAJA
2026-02-11,BIMBOA.MX,ARIMAModel,-4.1,SELL,0.06%,-0.15%,-8.76%,Acierto,BAJA,BAJA,-,BAJA,SUBE,BAJA
2026-02-11,VNQ,ARIMAModel,-4.1,SELL,-0.55%,0.76%,2.18%,Fallo,BAJA,BAJA,-,BAJA,BAJA,SUBE
2026-02-10,EEM,ARIMAModel,4.1,BUY,0.15%,1.01%,3.42%,Acierto,SUBE,BAJA,-,SUBE,SUBE,BAJA
2026-02-10,QQQ,ARIMAModel,2.1,HOLD,-0.46%,-2.02%,-1.14%,Fallo,SUBE,SUBE,-,SUBE,BAJA,BAJA
2026-02-10,SPY,ARIMAModel,2.1,HOLD,-0.26%,-1.76%,-1.15%,Fallo,SUBE,SUBE,-,BAJA,SUBE,BAJA
2026-02-10,GFNORTEO.MX,ARIMAModel,0.5,HOLD,0.47%,-1.42%,-5.46%,Fallo,SUBE,SUBE,-,BAJA,BAJA,BAJA
2026-02-10,WALMEX.MX,ARIMAModel,0.5,HOLD,-1.54%,0.03%,-4.12%,Acierto,SUBE,SUBE,-,BAJA,BAJA,BAJA
2026-02-10,CEMEXCPO.MX,ARIMAModel,-1.7,HOLD,1.19%,-1.82%,-1.46%,Fallo,SUBE,BAJA,-,BAJA,BAJA,BAJA
2026-02-10,GLD,ARIMAModel,-1.7,HOLD,-0.99%,-0.94%,3.58%,Acierto,SUBE,BAJA,-,BAJA,BAJA,BAJA
2026-02-10,IEF,ARIMAModel,-1.9,SELL,0.44%,1.17%,1.98%,Fallo,BAJA,SUBE,-,BAJA,BAJA,BAJA
2026-02-10,BIMBOA.MX,ARIMAModel,-4.1,SELL,0.64%,0.49%,-6.96%,Fallo,BAJA,BAJA,-,BAJA,BAJA,BAJA
2026-02-10,VNQ,ARIMAModel,-4.1,SELL,1.34%,2.10%,3.29%,Fallo,BAJA,BAJA,-,SUBE,BAJA,SUBE
2026-02-09,SPY,ARIMAModel,4.1,BUY,0.48%,-1.28%,-0.67%,Fallo,SUBE,SUBE,-,BAJA,SUBE,BAJA
2026-02-09,QQQ,ARIMAModel,0.5,HOLD,0.77%,-1.27%,-0.39%,Fallo,SUBE,SUBE,-,BAJA,BAJA,BAJA
2026-02-09,EEM,ARIMAModel,0.3,HOLD,0.73%,1.75%,4.18%,Fallo,SUBE,BAJA,-,BAJA,SUBE,BAJA
2026-02-09,WALMEX.MX,ARIMAModel,0.3,HOLD,-0.34%,-0.24%,-4.44%,Acierto,SUBE,BAJA,-,BAJA,SUBE,BAJA
2026-02-09,GLD,ARIMAModel,-0.1,HOLD,2.54%,1.57%,6.21%,Fallo,SUBE,SUBE,-,BAJA,SUBE,BAJA
2026-02-09,CEMEXCPO.MX,ARIMAModel,-1.7,HOLD,4.08%,2.18%,2.56%,Fallo,SUBE,BAJA,-,BAJA,BAJA,BAJA
2026-02-09,GFNORTEO.MX,ARIMAModel,-1.7,HOLD,-0.59%,-1.67%,-6.01%,Fallo,SUBE,SUBE,-,BAJA,BAJA,BAJA
2026-02-09,IEF,ARIMAModel,-1.9,SELL,0.02%,1.19%,2.00%,Fallo,BAJA,SUBE,-,SUBE,BAJA,BAJA
2026-02-09,BIMBOA.MX,ARIMAModel,-4.1,SELL,-0.33%,0.55%,-7.26%,Fallo,BAJA,BAJA,-,BAJA,BAJA,BAJA
2026-02-09,VNQ,ARIMAModel,-4.1,SELL,0.42%,2.54%,3.73%,Fallo,BAJA,BAJA,-,SUBE,BAJA,BAJA
2026-02-08,EEM,ARIMAModel,4.1,BUY,0.00%,1.32%,4.18%,Acierto,SUBE,BAJA,-,SUBE,SUBE,BAJA
2026-02-08,SPY,ARIMAModel,4.1,BUY,0.00%,-1.35%,-0.67%,Fallo,SUBE,SUBE,-,BAJA,SUBE,BAJA
2026-02-08,GLD,ARIMAModel,2.1,HOLD,0.00%,-0.89%,6.21%,Acierto,SUBE,SUBE,-,BAJA,SUBE,BAJA
2026-02-08,WALMEX.MX,ARIMAModel,0.3,HOLD,0.00%,-0.82%,-4.72%,Acierto,SUBE,BAJA,-,BAJA,BAJA,SUBE
2026-02-08,IEF,ARIMAModel,-0.3,HOLD,0.00%,0.79%,2.00%,Acierto,BAJA,SUBE,-,SUBE,BAJA,SUBE
2026-02-08,CEMEXCPO.MX,ARIMAModel,-1.7,HOLD,0.00%,0.62%,2.28%,Acierto,SUBE,BAJA,-,BAJA,BAJA,BAJA
2026-02-08,GFNORTEO.MX,ARIMAModel,-1.7,HOLD,0.00%,-3.36%,-5.74%,Fallo,SUBE,BAJA,-,BAJA,BAJA,BAJA
2026-02-08,QQQ,ARIMAModel,-1.7,HOLD,0.00%,-1.48%,-0.39%,Fallo,SUBE,BAJA,-,BAJA,BAJA,BAJA
2026-02-08,BIMBOA.MX,ARIMAModel,-2.1,SELL,0.00%,-1.53%,-7.44%,Acierto,BAJA,BAJA,-,BAJA,SUBE,BAJA
2026-02-08,VNQ,ARIMAModel,-4.1,SELL,0.00%,1.08%,3.73%,Fallo,BAJA,BAJA,-,SUBE,BAJA,BAJA
2026-02-07,EEM,ARIMAModel,4.1,BUY,0.00%,2.48%,4.39%,Acierto,SUBE,BAJA,-,SUBE,SUBE,BAJA
2026-02-07,SPY,ARIMAModel,4.1,BUY,0.00%,0.19%,-0.19%,Acierto,SUBE,SUBE,-,BAJA,SUBE,BAJA
2026-02-07,GLD,ARIMAModel,2.1,HOLD,0.00%,2.67%,4.83%,Fallo,SUBE,SUBE,-,BAJA,SUBE,BAJA
2026-02-07,WALMEX.MX,ARIMAModel,1.9,HOLD,-0.31%,-1.50%,-3.73%,Fallo,SUBE,BAJA,-,BAJA,SUBE,SUBE
2026-02-07,CEMEXCPO.MX,ARIMAModel,-1.7,HOLD,0.19%,5.85%,4.28%,Fallo,SUBE,BAJA,-,BAJA,BAJA,BAJA
2026-02-07,GFNORTEO.MX,ARIMAModel,-1.7,HOLD,-0.19%,-2.55%,-4.76%,Fallo,SUBE,SUBE,-,BAJA,BAJA,BAJA
2026-02-07,QQQ,ARIMAModel,-1.7,HOLD,0.00%,0.57%,-0.07%,Acierto,SUBE,BAJA,-,BAJA,BAJA,BAJA
2026-02-07,IEF,ARIMAModel,-1.9,SELL,0.00%,0.18%,1.59%,Fallo,BAJA,SUBE,-,BAJA,BAJA,SUBE
2026-02-07,BIMBOA.MX,ARIMAModel,-2.1,SELL,0.00%,0.37%,-4.65%,Fallo,BAJA,BAJA,-,BAJA,SUBE,BAJA
2026-02-07,VNQ,ARIMAModel,-4.1,SELL,0.00%,1.20%,3.54%,Fallo,BAJA,BAJA,-,BAJA,BAJA,BAJA
2026-02-06,EEM,ARIMAModel,4.1,BUY,2.63%,3.54%,8.17%,Acierto,SUBE,SUBE,-,SUBE,SUBE,BAJA
2026-02-06,SPY,ARIMAModel,4.1,BUY,1.92%,2.14%,2.29%,Acierto,SUBE,BAJA,-,SUBE,SUBE,BAJA
2026-02-06,QQQ,ARIMAModel,0.5,HOLD,2.11%,2.42%,3.29%,Fallo,SUBE,BAJA,-,SUBE,BAJA,BAJA
2026-02-06,IEF,ARIMAModel,-0.3,HOLD,0.00%,0.46%,1.32%,Acierto,BAJA,SUBE,-,SUBE,BAJA,SUBE
2026-02-06,VNQ,ARIMAModel,-0.3,HOLD,1.57%,3.37%,4.46%,Fallo,BAJA,SUBE,-,SUBE,BAJA,SUBE
2026-02-06,CEMEXCPO.MX,ARIMAModel,-1.7,HOLD,1.20%,6.78%,5.48%,Fallo,SUBE,BAJA,-,BAJA,BAJA,SUBE
2026-02-06,GFNORTEO.MX,ARIMAModel,-1.7,HOLD,4.08%,3.75%,-0.85%,Fallo,SUBE,SUBE,-,BAJA,BAJA,BAJA
2026-02-06,GLD,ARIMAModel,-1.7,HOLD,3.07%,4.64%,7.14%,Fallo,SUBE,BAJA,-,BAJA,BAJA,BAJA
2026-02-06,WALMEX.MX,ARIMAModel,-1.7,HOLD,3.78%,1.52%,0.11%,Fallo,SUBE,BAJA,-,BAJA,SUBE,BAJA
2026-02-06,BIMBOA.MX,ARIMAModel,-2.1,SELL,6.75%,7.09%,-0.74%,Fallo,BAJA,BAJA,-,BAJA,SUBE,BAJA
2026-02-05,QQQ,ARIMAModel,4.1,BUY,-1.44%,1.41%,0.35%,Acierto,SUBE,SUBE,-,BAJA,SUBE,BAJA
2026-02-05,SPY,ARIMAModel,4.1,BUY,-1.25%,1.13%,0.17%,Acierto,SUBE,SUBE,-,SUBE,SUBE,BAJA
2026-02-05,WALMEX.MX,ARIMAModel,4.1,BUY,2.02%,5.20%,4.73%,Acierto,SUBE,SUBE,-,BAJA,SUBE,BAJA
2026-02-05,CEMEXCPO.MX,ARIMAModel,2.1,HOLD,-1.19%,4.28%,2.61%,Fallo,SUBE,SUBE,-,SUBE,BAJA,SUBE
2026-02-05,EEM,ARIMAModel,0.3,HOLD,-0.46%,2.91%,6.50%,Fallo,SUBE,BAJA,-,BAJA,SUBE,BAJA
2026-02-05,BIMBOA.MX,ARIMAModel,0.1,HOLD,0.21%,6.62%,-0.36%,Fallo,BAJA,SUBE,-,BAJA,SUBE,BAJA
2026-02-05,GFNORTEO.MX,ARIMAModel,-1.7,HOLD,0.41%,3.69%,0.02%,Fallo,SUBE,SUBE,-,BAJA,BAJA,BAJA
2026-02-05,GLD,ARIMAModel,-1.7,HOLD,-2.66%,2.88%,4.55%,Fallo,SUBE,BAJA,-,BAJA,BAJA,BAJA
2026-02-05,IEF,ARIMAModel,-1.9,SELL,0.59%,0.61%,2.00%,Fallo,BAJA,SUBE,-,SUBE,BAJA,BAJA
2026-02-05,VNQ,ARIMAModel,-4.1,SELL,-0.14%,1.86%,4.60%,Fallo,BAJA,BAJA,-,SUBE,BAJA,SUBE
2026-02-04,EEM,ARIMAModel,4.1,BUY,-1.34%,0.79%,3.44%,Acierto,SUBE,BAJA,-,SUBE,SUBE,BAJA
2026-02-04,QQQ,ARIMAModel,4.1,BUY,-1.75%,-1.11%,-2.45%,Fallo,SUBE,SUBE,-,SUBE,SUBE,SUBE
2026-02-04,SPY,ARIMAModel,4.1,BUY,-0.48%,0.16%,-1.04%,Acierto,SUBE,SUBE,-,BAJA,SUBE,BAJA
2026-02-04,WALMEX.MX,ARIMAModel,4.1,BUY,-1.07%,4.43%,2.41%,Acierto,SUBE,SUBE,-,SUBE,SUBE,BAJA
2026-02-04,VNQ,ARIMAModel,1.7,HOLD,1.44%,2.89%,5.83%,Fallo,BAJA,SUBE,-,SUBE,SUBE,SUBE
2026-02-04,GLD,ARIMAModel,0.5,HOLD,-0.07%,0.26%,5.94%,Acierto,SUBE,SUBE,-,BAJA,BAJA,BAJA
2026-02-04,CEMEXCPO.MX,ARIMAModel,-1.7,HOLD,-3.75%,-3.57%,-2.06%,Fallo,SUBE,SUBE,-,BAJA,BAJA,BAJA
2026-02-04,GFNORTEO.MX,ARIMAModel,-1.7,HOLD,-3.04%,1.14%,-3.47%,Fallo,SUBE,BAJA,-,BAJA,BAJA,BAJA
2026-02-04,IEF,ARIMAModel,-1.9,SELL,-0.02%,0.57%,2.00%,Fallo,BAJA,SUBE,-,BAJA,BAJA,BAJA
2026-02-04,BIMBOA.MX,ARIMAModel,-2.1,SELL,0.54%,7.55%,0.75%,Fallo,BAJA,BAJA,-,BAJA,SUBE,BAJA
2026-02-03,EEM,ARIMAModel,4.1,BUY,0.54%,1.33%,5.16%,Acierto,SUBE,BAJA,-,SUBE,SUBE,SUBE
2026-02-03,GLD,ARIMAModel,4.1,BUY,6.36%,6.63%,9.71%,Acierto,SUBE,SUBE,-,SUBE,SUBE,BAJA
2026-02-03,QQQ,ARIMAModel,2.1,HOLD,-1.54%,-2.63%,-2.77%,Fallo,SUBE,SUBE,-,BAJA,BAJA,SUBE
2026-02-03,VNQ,ARIMAModel,1.7,HOLD,-0.22%,2.66%,5.59%,Fallo,BAJA,SUBE,-,SUBE,SUBE,SUBE
2026-02-03,CEMEXCPO.MX,ARIMAModel,-1.7,HOLD,0.64%,-2.95%,1.70%,Fallo,SUBE,BAJA,-,BAJA,BAJA,BAJA
2026-02-03,GFNORTEO.MX,ARIMAModel,-1.7,HOLD,4.57%,5.76%,1.35%,Fallo,SUBE,BAJA,-,BAJA,BAJA,BAJA
2026-02-03,SPY,ARIMAModel,-1.7,HOLD,-0.85%,-0.69%,-0.86%,Acierto,SUBE,SUBE,-,BAJA,BAJA,BAJA
2026-02-03,WALMEX.MX,ARIMAModel,-1.7,HOLD,1.01%,5.48%,4.49%,Fallo,SUBE,BAJA,-,BAJA,SUBE,BAJA
2026-02-03,IEF,ARIMAModel,-1.9,SELL,0.09%,0.66%,1.73%,Fallo,BAJA,SUBE,-,SUBE,BAJA,BAJA
2026-02-03,BIMBOA.MX,ARIMAModel,-2.1,SELL,3.33%,11.13%,5.38%,Fallo,BAJA,BAJA,-,BAJA,SUBE,BAJA
2026-02-02,EEM,ARIMAModel,4.1,BUY,0.30%,1.64%,5.48%,Acierto,SUBE,BAJA,-,SUBE,SUBE,BAJA
2026-02-02,GLD,ARIMAModel,4.1,BUY,-4.00%,2.36%,5.32%,Acierto,SUBE,SUBE,-,SUBE,SUBE,BAJA
2026-02-02,BIMBOA.MX,ARIMAModel,1.7,HOLD,0.16%,11.31%,5.56%,Fallo,BAJA,SUBE,-,SUBE,SUBE,BAJA
2026-02-02,QQQ,ARIMAModel,0.5,HOLD,0.69%,-1.97%,-2.10%,Fallo,SUBE,SUBE,-,BAJA,BAJA,BAJA
2026-02-02,WALMEX.MX,ARIMAModel,-0.1,HOLD,-0.96%,4.79%,3.48%,Fallo,SUBE,BAJA,-,BAJA,SUBE,SUBE
2026-02-02,VNQ,ARIMAModel,-0.3,HOLD,-1.04%,1.60%,4.49%,Fallo,BAJA,SUBE,-,SUBE,BAJA,SUBE
2026-02-02,CEMEXCPO.MX,ARIMAModel,-1.7,HOLD,-2.03%,-5.10%,-0.36%,Fallo,SUBE,BAJA,-,SUBE,BAJA,BAJA
2026-02-02,GFNORTEO.MX,ARIMAModel,-1.7,HOLD,-2.32%,3.51%,-1.00%,Fallo,SUBE,BAJA,-,BAJA,BAJA,BAJA
2026-02-02,SPY,ARIMAModel,-1.7,HOLD,0.50%,-0.20%,-0.37%,Acierto,SUBE,SUBE,-,BAJA,BAJA,BAJA
2026-02-02,IEF,ARIMAModel,-1.9,SELL,-0.52%,0.14%,1.20%,Fallo,BAJA,SUBE,-,SUBE,BAJA,BAJA
2026-02-01,EEM,ARIMAModel,4.1,BUY,0.00%,-0.96%,5.48%,Fallo,SUBE,BAJA,-,SUBE,SUBE,BAJA
2026-02-01,BIMBOA.MX,ARIMAModel,1.7,HOLD,0.00%,4.27%,5.76%,Fallo,BAJA,SUBE,-,SUBE,SUBE,BAJA
2026-02-01,WALMEX.MX,ARIMAModel,0.3,HOLD,0.00%,0.96%,3.43%,Acierto,SUBE,BAJA,-,BAJA,SUBE,BAJA
2026-02-01,GLD,ARIMAModel,-0.1,HOLD,0.00%,-0.69%,5.32%,Acierto,SUBE,SUBE,-,BAJA,SUBE,BAJA
2026-02-01,VNQ,ARIMAModel,-0.3,HOLD,0.00%,0.02%,4.49%,Acierto,BAJA,SUBE,-,SUBE,BAJA,SUBE
2026-02-01,CEMEXCPO.MX,ARIMAModel,-1.7,HOLD,0.00%,-6.22%,-0.59%,Fallo,SUBE,BAJA,-,SUBE,BAJA,BAJA
2026-02-01,GFNORTEO.MX,ARIMAModel,-1.7,HOLD,0.00%,-0.55%,-0.84%,Acierto,SUBE,BAJA,-,BAJA,BAJA,BAJA
2026-02-01,QQQ,ARIMAModel,-1.7,HOLD,0.00%,-3.99%,-2.10%,Fallo,SUBE,BAJA,-,BAJA,BAJA,BAJA
2026-02-01,SPY,ARIMAModel,-1.7,HOLD,0.00%,-2.07%,-0.37%,Fallo,SUBE,SUBE,-,BAJA,BAJA,BAJA
2026-02-01,IEF,ARIMAModel,-4.1,SELL,0.00%,0.14%,1.20%,Fallo,BAJA,SUBE,-,BAJA,BAJA,BAJA
2026-01-31,EEM,ARIMAModel,4.1,BUY,0.00%,-0.51%,3.28%,Fallo,SUBE,BAJA,-,SUBE,SUBE,BAJA
2026-01-31,QQQ,ARIMAModel,0.5,HOLD,0.00%,-2.59%,-2.96%,Fallo,SUBE,SUBE,-,BAJA,BAJA,BAJA
2026-01-31,WALMEX.MX,ARIMAModel,0.3,HOLD,0.97%,-0.07%,4.15%,Acierto,SUBE,BAJA,-,BAJA,SUBE,BAJA
2026-01-31,GLD,ARIMAModel,-0.1,HOLD,0.00%,2.03%,3.28%,Fallo,SUBE,SUBE,-,BAJA,SUBE,BAJA
2026-01-31,VNQ,ARIMAModel,-0.3,HOLD,0.00%,0.17%,3.71%,Acierto,BAJA,SUBE,-,SUBE,BAJA,SUBE
2026-01-31,CEMEXCPO.MX,ARIMAModel,-1.7,HOLD,2.26%,-2.95%,0.83%,Fallo,SUBE,BAJA,-,BAJA,BAJA,BAJA
2026-01-31,GFNORTEO.MX,ARIMAModel,-1.7,HOLD,2.09%,1.11%,1.40%,Fallo,SUBE,BAJA,-,BAJA,BAJA,BAJA
2026-01-31,SPY,ARIMAModel,-1.7,HOLD,0.00%,-0.84%,-1.08%,Acierto,SUBE,SUBE,-,BAJA,BAJA,BAJA
2026-01-31,IEF,ARIMAModel,-1.9,SELL,0.00%,-0.45%,1.20%,Acierto,BAJA,SUBE,-,SUBE,BAJA,BAJA
2026-01-31,BIMBOA.MX,ARIMAModel,-2.1,SELL,-0.10%,3.95%,6.90%,Fallo,BAJA,BAJA,-,BAJA,SUBE,BAJA
2026-01-30,EEM,ARIMAModel,4.1,BUY,-2.22%,-1.39%,1.24%,Fallo,SUBE,SUBE,-,SUBE,BAJA,BAJA
2026-01-30,WALMEX.MX,ARIMAModel,4.1,BUY,-0.50%,0.50%,3.68%,Acierto,SUBE,SUBE,-,BAJA,SUBE,SUBE
2026-01-30,QQQ,ARIMAModel,2.5,HOLD,-1.20%,-2.05%,-3.76%,Fallo,SUBE,SUBE,-,BAJA,BAJA,BAJA
2026-01-30,BIMBOA.MX,ARIMAModel,1.7,HOLD,1.27%,4.70%,10.81%,Fallo,BAJA,SUBE,-,SUBE,SUBE,BAJA
2026-01-30,SPY,ARIMAModel,0.5,HOLD,-0.30%,-0.65%,-1.12%,Acierto,SUBE,SUBE,-,BAJA,BAJA,BAJA
2026-01-30,CEMEXCPO.MX,ARIMAModel,-1.7,HOLD,-2.17%,-1.35%,-2.44%,Fallo,SUBE,BAJA,-,BAJA,BAJA,BAJA
2026-01-30,GFNORTEO.MX,ARIMAModel,-1.7,HOLD,-3.55%,0.57%,-1.50%,Acierto,SUBE,BAJA,-,BAJA,BAJA,BAJA
2026-01-30,GLD,ARIMAModel,-1.7,HOLD,-10.27%,-8.39%,-7.59%,Fallo,SUBE,BAJA,-,BAJA,BAJA,BAJA
2026-01-30,IEF,ARIMAModel,-1.9,SELL,-0.06%,-0.49%,1.04%,Acierto,BAJA,SUBE,-,SUBE,BAJA,BAJA
2026-01-30,VNQ,ARIMAModel,-1.9,SELL,0.10%,-1.16%,4.03%,Acierto,BAJA,BAJA,-,SUBE,BAJA,SUBE
2026-01-29,EEM,ARIMAModel,2.5,HOLD,-0.51%,-2.42%,0.20%,Fallo,SUBE,BAJA,-,SUBE,BAJA,BAJA
2026-01-29,WALMEX.MX,ARIMAModel,1.9,HOLD,-3.71%,-4.20%,2.02%,Fallo,SUBE,SUBE,-,BAJA,SUBE,SUBE
2026-01-29,BIMBOA.MX,ARIMAModel,1.7,HOLD,-0.71%,0.61%,13.37%,Acierto,BAJA,SUBE,-,SUBE,SUBE,BAJA
2026-01-29,VNQ,ARIMAModel,1.7,HOLD,1.40%,0.45%,6.74%,Acierto,BAJA,SUBE,-,SUBE,SUBE,SUBE
2026-01-29,SPY,ARIMAModel,0.5,HOLD,-0.20%,-0.00%,-1.81%,Acierto,SUBE,SUBE,-,BAJA,BAJA,BAJA
2026-01-29,CEMEXCPO.MX,ARIMAModel,-1.7,HOLD,-2.16%,-4.11%,-5.08%,Fallo,SUBE,SUBE,-,BAJA,BAJA,BAJA
2026-01-29,GFNORTEO.MX,ARIMAModel,-1.7,HOLD,2.51%,-1.41%,1.93%,Fallo,SUBE,BAJA,-,BAJA,BAJA,BAJA
2026-01-29,GLD,ARIMAModel,-1.7,HOLD,0.27%,-13.63%,-9.37%,Fallo,SUBE,BAJA,-,BAJA,BAJA,BAJA
2026-01-29,QQQ,ARIMAModel,-1.7,HOLD,-0.60%,-1.12%,-5.04%,Fallo,SUBE,SUBE,-,BAJA,BAJA,BAJA
2026-01-29,IEF,ARIMAModel,-1.9,SELL,0.10%,-0.48%,1.36%,Acierto,BAJA,BAJA,-,SUBE,BAJA,BAJA
2026-01-28,EEM,ARIMAModel,2.5,HOLD,0.68%,-2.06%,1.29%,Fallo,SUBE,BAJA,-,SUBE,BAJA,BAJA
2026-01-28,VNQ,ARIMAModel,1.7,HOLD,-1.03%,0.45%,4.65%,Acierto,BAJA,SUBE,-,SUBE,SUBE,SUBE
2026-01-28,QQQ,ARIMAModel,0.5,HOLD,0.33%,-1.47%,-4.63%,Fallo,SUBE,SUBE,-,BAJA,BAJA,BAJA
2026-01-28,SPY,ARIMAModel,0.5,HOLD,-0.01%,-0.51%,-1.98%,Acierto,SUBE,SUBE,-,BAJA,BAJA,BAJA
2026-01-28,IEF,ARIMAModel,-0.3,HOLD,-0.08%,-0.04%,1.28%,Acierto,BAJA,SUBE,-,SUBE,BAJA,SUBE
2026-01-28,BIMBOA.MX,ARIMAModel,-0.5,HOLD,0.23%,0.68%,12.67%,Acierto,BAJA,BAJA,-,SUBE,SUBE,SUBE
2026-01-28,CEMEXCPO.MX,ARIMAModel,-1.7,HOLD,2.54%,0.36%,-1.49%,Acierto,SUBE,BAJA,-,BAJA,BAJA,BAJA
2026-01-28,GFNORTEO.MX,ARIMAModel,-1.7,HOLD,5.14%,6.11%,6.35%,Fallo,SUBE,BAJA,-,BAJA,BAJA,BAJA
2026-01-28,GLD,ARIMAModel,-1.7,HOLD,3.88%,-6.54%,-2.83%,Fallo,SUBE,BAJA,-,BAJA,BAJA,BAJA
2026-01-28,WALMEX.MX,ARIMAModel,-1.7,HOLD,-0.26%,-3.51%,-0.05%,Fallo,SUBE,BAJA,-,BAJA,BAJA,BAJA
2026-01-27,EEM,ARIMAModel,4.1,BUY,1.98%,-0.12%,3.30%,Fallo,SUBE,BAJA,-,SUBE,SUBE,BAJA
2026-01-27,QQQ,ARIMAModel,2.1,HOLD,0.91%,-0.57%,-3.76%,Acierto,SUBE,SUBE,-,SUBE,BAJA,SUBE
2026-01-27,WALMEX.MX,ARIMAModel,1.9,HOLD,1.43%,-2.13%,1.92%,Fallo,SUBE,BAJA,-,SUBE,SUBE,BAJA
2026-01-27,VNQ,ARIMAModel,1.7,HOLD,-0.03%,0.42%,4.61%,Acierto,BAJA,SUBE,-,SUBE,SUBE,SUBE
2026-01-27,SPY,ARIMAModel,0.5,HOLD,0.40%,-0.11%,-1.59%,Acierto,SUBE,SUBE,-,BAJA,BAJA,BAJA
2026-01-27,BIMBOA.MX,ARIMAModel,0.1,HOLD,-1.84%,-1.17%,10.19%,Fallo,BAJA,SUBE,-,BAJA,SUBE,BAJA
2026-01-27,IEF,ARIMAModel,-0.3,HOLD,-0.11%,-0.16%,1.17%,Acierto,BAJA,SUBE,-,SUBE,BAJA,SUBE
2026-01-27,CEMEXCPO.MX,ARIMAModel,-1.7,HOLD,-0.54%,-0.18%,-3.02%,Acierto,SUBE,BAJA,-,BAJA,BAJA,BAJA
2026-01-27,GFNORTEO.MX,ARIMAModel,-1.7,HOLD,1.31%,7.50%,8.83%,Fallo,SUBE,BAJA,-,BAJA,BAJA,BAJA
2026-01-27,GLD,ARIMAModel,-1.7,HOLD,2.45%,-4.25%,-0.45%,Fallo,SUBE,BAJA,-,BAJA,BAJA,BAJA
2026-01-26,EEM,ARIMAModel,4.1,BUY,0.17%,0.05%,3.47%,Acierto,SUBE,BAJA,-,SUBE,SUBE,BAJA
2026-01-26,QQQ,ARIMAModel,2.1,HOLD,0.44%,-0.14%,-3.34%,Acierto,SUBE,SUBE,-,SUBE,BAJA,SUBE
2026-01-26,VNQ,ARIMAModel,1.7,HOLD,-0.13%,0.29%,4.47%,Acierto,BAJA,SUBE,-,SUBE,BAJA,SUBE
2026-01-26,SPY,ARIMAModel,0.5,HOLD,0.51%,0.40%,-1.09%,Acierto,SUBE,SUBE,-,BAJA,BAJA,BAJA
2026-01-26,WALMEX.MX,ARIMAModel,0.3,HOLD,-1.29%,-4.33%,0.60%,Fallo,SUBE,BAJA,-,BAJA,SUBE,BAJA
2026-01-26,BIMBOA.MX,ARIMAModel,0.1,HOLD,-0.55%,-1.62%,9.58%,Fallo,BAJA,SUBE,-,SUBE,BAJA,BAJA
2026-01-26,CEMEXCPO.MX,ARIMAModel,-0.1,HOLD,-0.89%,-3.26%,-3.88%,Fallo,SUBE,SUBE,-,BAJA,BAJA,SUBE
2026-01-26,IEF,ARIMAModel,-0.3,HOLD,0.15%,-0.01%,1.31%,Acierto,BAJA,SUBE,-,SUBE,BAJA,SUBE
2026-01-26,GFNORTEO.MX,ARIMAModel,-1.7,HOLD,0.88%,6.23%,9.78%,Fallo,SUBE,BAJA,-,BAJA,BAJA,BAJA
2026-01-26,GLD,ARIMAModel,-1.7,HOLD,1.46%,-2.85%,1.01%,Fallo,SUBE,BAJA,-,BAJA,BAJA,BAJA
2026-01-25,EEM,ARIMAModel,4.1,BUY,0.00%,2.32%,3.47%,Acierto,SUBE,BAJA,-,SUBE,SUBE,BAJA
2026-01-25,QQQ,ARIMAModel,2.1,HOLD,0.00%,1.08%,-3.34%,Fallo,SUBE,SUBE,-,SUBE,BAJA,SUBE
2026-01-25,BIMBOA.MX,ARIMAModel,1.7,HOLD,0.00%,-2.85%,10.00%,Fallo,BAJA,SUBE,-,SUBE,SUBE,BAJA
2026-01-25,VNQ,ARIMAModel,1.7,HOLD,0.00%,0.19%,4.47%,Acierto,BAJA,SUBE,-,SUBE,BAJA,SUBE
2026-01-25,SPY,ARIMAModel,0.5,HOLD,0.00%,0.70%,-1.09%,Acierto,SUBE,SUBE,-,BAJA,BAJA,BAJA
2026-01-25,WALMEX.MX,ARIMAModel,0.3,HOLD,0.00%,-3.85%,0.67%,Fallo,SUBE,BAJA,-,BAJA,SUBE,BAJA
2026-01-25,CEMEXCPO.MX,ARIMAModel,-0.1,HOLD,0.00%,-1.12%,-3.88%,Fallo,SUBE,SUBE,-,BAJA,BAJA,SUBE
2026-01-25,IEF,ARIMAModel,-0.3,HOLD,0.00%,0.05%,1.31%,Acierto,BAJA,SUBE,-,SUBE,BAJA,SUBE
2026-01-25,GFNORTEO.MX,ARIMAModel,-1.7,HOLD,0.00%,10.14%,10.15%,Fallo,SUBE,BAJA,-,BAJA,BAJA,BAJA
2026-01-25,GLD,ARIMAModel,-1.7,HOLD,0.00%,8.28%,1.01%,Fallo,SUBE,BAJA,-,BAJA,BAJA,BAJA
2026-01-24,EEM,ARIMAModel,4.1,BUY,0.00%,2.84%,3.03%,Acierto,SUBE,BAJA,-,SUBE,SUBE,BAJA
2026-01-24,QQQ,ARIMAModel,2.1,HOLD,0.00%,1.69%,-3.55%,Fallo,SUBE,SUBE,-,SUBE,BAJA,SUBE
2026-01-24,BIMBOA.MX,ARIMAModel,1.7,HOLD,0.05%,-2.11%,7.78%,Fallo,BAJA,SUBE,-,SUBE,SUBE,BAJA
2026-01-24,WALMEX.MX,ARIMAModel,0.3,HOLD,-0.09%,-0.22%,0.00%,Acierto,SUBE,BAJA,-,BAJA,SUBE,BAJA
2026-01-24,CEMEXCPO.MX,ARIMAModel,-1.7,HOLD,-0.27%,0.80%,-5.61%,Acierto,SUBE,BAJA,-,BAJA,BAJA,SUBE
2026-01-24,GFNORTEO.MX,ARIMAModel,-1.7,HOLD,-0.15%,7.29%,8.10%,Fallo,SUBE,BAJA,-,BAJA,BAJA,BAJA
2026-01-24,GLD,ARIMAModel,-1.7,HOLD,0.00%,7.98%,-1.44%,Fallo,SUBE,BAJA,-,BAJA,BAJA,BAJA
2026-01-24,SPY,ARIMAModel,-1.7,HOLD,0.00%,0.90%,-1.15%,Acierto,SUBE,SUBE,-,BAJA,BAJA,BAJA
2026-01-24,IEF,ARIMAModel,-1.9,SELL,0.00%,-0.05%,0.92%,Acierto,BAJA,SUBE,-,BAJA,BAJA,BAJA
2026-01-24,VNQ,ARIMAModel,-4.1,SELL,0.00%,-1.19%,2.99%,Acierto,BAJA,BAJA,-,SUBE,BAJA,SUBE
2026-01-23,EEM,ARIMAModel,4.1,BUY,0.63%,2.79%,4.87%,Acierto,SUBE,BAJA,-,SUBE,SUBE,BAJA
2026-01-23,QQQ,ARIMAModel,2.1,HOLD,0.32%,1.67%,-1.23%,Fallo,SUBE,SUBE,-,SUBE,BAJA,SUBE
2026-01-23,WALMEX.MX,ARIMAModel,0.3,HOLD,-0.45%,-0.41%,-0.82%,Acierto,SUBE,BAJA,-,BAJA,SUBE,BAJA
2026-01-23,BIMBOA.MX,ARIMAModel,0.1,HOLD,0.21%,-2.13%,10.09%,Fallo,BAJA,SUBE,-,BAJA,SUBE,BAJA
2026-01-23,GFNORTEO.MX,ARIMAModel,-0.1,HOLD,0.23%,2.28%,9.47%,Fallo,SUBE,SUBE,-,BAJA,BAJA,SUBE
2026-01-23,IEF,ARIMAModel,-0.3,HOLD,0.17%,0.20%,0.47%,Acierto,BAJA,SUBE,-,SUBE,BAJA,SUBE
2026-01-23,SPY,ARIMAModel,-0.7,HOLD,0.04%,0.94%,0.43%,Acierto,SUBE,BAJA,-,BAJA,SUBE,BAJA
2026-01-23,CEMEXCPO.MX,ARIMAModel,-1.7,HOLD,-0.49%,-2.17%,-1.37%,Fallo,SUBE,BAJA,-,BAJA,BAJA,BAJA
2026-01-23,GLD,ARIMAModel,-1.7,HOLD,1.37%,5.38%,3.51%,Fallo,SUBE,BAJA,-,BAJA,BAJA,BAJA
2026-01-23,VNQ,ARIMAModel,-3.1,SELL,0.20%,0.03%,3.32%,Fallo,BAJA,BAJA,-,SUBE,BAJA,BAJA
2026-01-22,EEM,ARIMAModel,4.1,BUY,0.76%,1.56%,4.02%,Acierto,SUBE,BAJA,-,SUBE,SUBE,BAJA
2026-01-22,QQQ,ARIMAModel,2.1,HOLD,0.73%,1.49%,-0.78%,Fallo,SUBE,SUBE,-,SUBE,BAJA,SUBE
2026-01-22,SPY,ARIMAModel,2.1,HOLD,0.52%,1.07%,0.98%,Fallo,SUBE,SUBE,-,SUBE,BAJA,BAJA
2026-01-22,WALMEX.MX,ARIMAModel,1.9,HOLD,1.32%,-0.52%,-0.21%,Acierto,SUBE,SUBE,-,BAJA,SUBE,BAJA
2026-01-22,BIMBOA.MX,ARIMAModel,1.7,HOLD,1.08%,0.79%,11.22%,Acierto,BAJA,SUBE,-,SUBE,SUBE,SUBE
2026-01-22,CEMEXCPO.MX,ARIMAModel,-1.7,HOLD,-0.18%,-1.81%,-1.86%,Fallo,SUBE,BAJA,-,BAJA,BAJA,SUBE
2026-01-22,GFNORTEO.MX,ARIMAModel,-1.7,HOLD,-0.52%,0.43%,11.40%,Acierto,SUBE,BAJA,-,BAJA,BAJA,BAJA
2026-01-22,GLD,ARIMAModel,-1.7,HOLD,1.85%,4.76%,4.24%,Fallo,SUBE,BAJA,-,BAJA,BAJA,BAJA
2026-01-22,IEF,ARIMAModel,-1.9,SELL,-0.01%,0.30%,0.74%,Fallo,BAJA,SUBE,-,SUBE,BAJA,BAJA
2026-01-22,VNQ,ARIMAModel,-4.1,SELL,-0.99%,-0.92%,2.87%,Acierto,BAJA,BAJA,-,SUBE,BAJA,BAJA
2026-01-21,EEM,ARIMAModel,4.1,BUY,1.66%,3.07%,5.58%,Acierto,SUBE,SUBE,-,SUBE,SUBE,BAJA
2026-01-21,QQQ,ARIMAModel,4.1,BUY,1.35%,2.41%,1.03%,Acierto,SUBE,BAJA,-,SUBE,SUBE,SUBE
2026-01-21,WALMEX.MX,ARIMAModel,4.1,BUY,-0.88%,-0.10%,0.47%,Fallo,SUBE,SUBE,-,SUBE,SUBE,BAJA
2026-01-21,BIMBOA.MX,ARIMAModel,1.7,HOLD,-0.36%,0.98%,10.11%,Acierto,BAJA,SUBE,-,SUBE,SUBE,SUBE
2026-01-21,SPY,ARIMAModel,0.5,HOLD,1.15%,1.72%,2.42%,Fallo,SUBE,BAJA,-,SUBE,BAJA,BAJA
2026-01-21,GFNORTEO.MX,ARIMAModel,-0.7,HOLD,2.06%,1.61%,13.15%,Fallo,SUBE,SUBE,-,BAJA,BAJA,BAJA
2026-01-21,CEMEXCPO.MX,ARIMAModel,-1.7,HOLD,2.72%,1.77%,-0.36%,Fallo,SUBE,SUBE,-,BAJA,BAJA,BAJA
2026-01-21,GLD,ARIMAModel,-1.7,HOLD,1.46%,4.75%,6.82%,Fallo,SUBE,BAJA,-,BAJA,BAJA,BAJA
2026-01-21,IEF,ARIMAModel,-1.9,SELL,0.26%,0.42%,0.57%,Fallo,BAJA,SUBE,-,SUBE,BAJA,BAJA
2026-01-21,VNQ,ARIMAModel,-4.1,SELL,0.40%,-0.40%,1.91%,Acierto,BAJA,BAJA,-,SUBE,BAJA,BAJA
2026-01-20,EEM,ARIMAModel,4.1,BUY,-0.97%,2.07%,3.80%,Acierto,SUBE,SUBE,-,SUBE,SUBE,SUBE
2026-01-20,GFNORTEO.MX,ARIMAModel,4.1,BUY,0.41%,2.02%,14.30%,Acierto,SUBE,SUBE,-,BAJA,SUBE,BAJA
2026-01-20,GLD,ARIMAModel,4.1,BUY,3.78%,8.71%,8.11%,Acierto,SUBE,SUBE,-,BAJA,SUBE,BAJA
2026-01-20,WALMEX.MX,ARIMAModel,4.1,BUY,-0.45%,-0.55%,0.36%,Fallo,SUBE,SUBE,-,BAJA,SUBE,BAJA
2026-01-20,QQQ,ARIMAModel,2.1,HOLD,-2.12%,0.23%,-1.87%,Acierto,SUBE,SUBE,-,BAJA,BAJA,SUBE
2026-01-20,BIMBOA.MX,ARIMAModel,1.7,HOLD,-2.22%,-1.26%,8.02%,Fallo,BAJA,SUBE,-,SUBE,SUBE,BAJA
2026-01-20,CEMEXCPO.MX,ARIMAModel,-0.1,HOLD,-0.77%,0.99%,-5.00%,Acierto,SUBE,SUBE,-,BAJA,BAJA,SUBE
2026-01-20,SPY,ARIMAModel,-0.7,HOLD,-2.04%,-0.35%,-0.15%,Acierto,SUBE,BAJA,-,BAJA,SUBE,BAJA
2026-01-20,IEF,ARIMAModel,-1.9,SELL,-0.40%,0.02%,0.15%,Fallo,BAJA,SUBE,-,SUBE,BAJA,BAJA
2026-01-20,VNQ,ARIMAModel,-4.1,SELL,-1.86%,-2.25%,-0.40%,Acierto,BAJA,BAJA,-,BAJA,BAJA,BAJA
