date,ticker,best_model,strategy_score,action,ret_1d,ret_5d,ret_20d,result_5d,pred_ARIMAModel,pred_LGBMRegressor,pred_LSTM,pred_RandomForestRegressor,pred_Ridge,pred_XGBRegressor,pred__NaiveModel
2026-04-22,AAPL,_NaiveModel,0.0,HOLD,N/D,N/D,N/D,Pendiente,-,-,-,-,-,-,NEUTRO
2026-04-22,AMD,_NaiveModel,0.0,HOLD,N/D,N/D,N/D,Pendiente,-,-,-,-,-,-,NEUTRO
2026-04-22,AMZN,_NaiveModel,0.0,HOLD,N/D,N/D,N/D,Pendiente,-,-,-,-,-,-,NEUTRO
2026-04-22,ASML,_NaiveModel,0.0,HOLD,N/D,N/D,N/D,Pendiente,-,-,-,-,-,-,NEUTRO
2026-04-22,AVGO,_NaiveModel,0.0,HOLD,N/D,N/D,N/D,Pendiente,-,-,-,-,-,-,NEUTRO
2026-04-22,BRK-B,_NaiveModel,0.0,HOLD,N/D,N/D,N/D,Pendiente,-,-,-,-,-,-,NEUTRO
2026-04-22,CAT,_NaiveModel,0.0,HOLD,N/D,N/D,N/D,Pendiente,-,-,-,-,-,-,NEUTRO
2026-04-22,COST,_NaiveModel,0.0,HOLD,N/D,N/D,N/D,Pendiente,-,-,-,-,-,-,NEUTRO
2026-04-22,CRM,_NaiveModel,0.0,HOLD,N/D,N/D,N/D,Pendiente,-,-,-,-,-,-,NEUTRO
2026-04-22,GOOGL,_NaiveModel,0.0,HOLD,N/D,N/D,N/D,Pendiente,-,-,-,-,-,-,NEUTRO
2026-04-22,JNJ,_NaiveModel,0.0,HOLD,N/D,N/D,N/D,Pendiente,-,-,-,-,-,-,NEUTRO
2026-04-22,JPM,_NaiveModel,0.0,HOLD,N/D,N/D,N/D,Pendiente,-,-,-,-,-,-,NEUTRO
2026-04-22,LLY,_NaiveModel,0.0,HOLD,N/D,N/D,N/D,Pendiente,-,-,-,-,-,-,NEUTRO
2026-04-22,LMT,_NaiveModel,0.0,HOLD,N/D,N/D,N/D,Pendiente,-,-,-,-,-,-,NEUTRO
2026-04-22,MA,_NaiveModel,0.0,HOLD,N/D,N/D,N/D,Pendiente,-,-,-,-,-,-,NEUTRO
2026-04-22,MCD,_NaiveModel,0.0,HOLD,N/D,N/D,N/D,Pendiente,-,-,-,-,-,-,NEUTRO
2026-04-22,META,_NaiveModel,0.0,HOLD,N/D,N/D,N/D,Pendiente,-,-,-,-,-,-,NEUTRO
2026-04-22,MRK,_NaiveModel,0.0,HOLD,N/D,N/D,N/D,Pendiente,-,-,-,-,-,-,NEUTRO
2026-04-22,MSFT,_NaiveModel,0.0,HOLD,N/D,N/D,N/D,Pendiente,-,-,-,-,-,-,NEUTRO
2026-04-22,NEE,_NaiveModel,0.0,HOLD,N/D,N/D,N/D,Pendiente,-,-,-,-,-,-,NEUTRO
2026-04-22,NVDA,_NaiveModel,0.0,HOLD,N/D,N/D,N/D,Pendiente,-,-,-,-,-,-,NEUTRO
2026-04-22,ORCL,_NaiveModel,0.0,HOLD,N/D,N/D,N/D,Pendiente,-,-,-,-,-,-,NEUTRO
2026-04-22,PG,_NaiveModel,0.0,HOLD,N/D,N/D,N/D,Pendiente,-,-,-,-,-,-,NEUTRO
2026-04-22,PLTR,_NaiveModel,0.0,HOLD,N/D,N/D,N/D,Pendiente,-,-,-,-,-,-,NEUTRO
2026-04-22,TSLA,_NaiveModel,0.0,HOLD,N/D,N/D,N/D,Pendiente,-,-,-,-,-,-,NEUTRO
2026-04-22,TSM,_NaiveModel,0.0,HOLD,N/D,N/D,N/D,Pendiente,-,-,-,-,-,-,NEUTRO
2026-04-22,UNH,_NaiveModel,0.0,HOLD,N/D,N/D,N/D,Pendiente,-,-,-,-,-,-,NEUTRO
2026-04-22,V,_NaiveModel,0.0,HOLD,N/D,N/D,N/D,Pendiente,-,-,-,-,-,-,NEUTRO
2026-04-22,WMT,_NaiveModel,0.0,HOLD,N/D,N/D,N/D,Pendiente,-,-,-,-,-,-,NEUTRO
2026-04-22,XOM,_NaiveModel,0.0,HOLD,N/D,N/D,N/D,Pendiente,-,-,-,-,-,-,NEUTRO
2026-04-21,AAPL,_NaiveModel,0.0,HOLD,-2.52%,N/D,N/D,Pendiente,-,-,-,-,-,-,NEUTRO
2026-04-21,AMD,_NaiveModel,0.0,HOLD,3.47%,N/D,N/D,Pendiente,-,-,-,-,-,-,NEUTRO
2026-04-21,AMZN,_NaiveModel,0.0,HOLD,0.66%,N/D,N/D,Pendiente,-,-,-,-,-,-,NEUTRO
2026-04-21,ASML,_NaiveModel,0.0,HOLD,-1.19%,N/D,N/D,Pendiente,-,-,-,-,-,-,NEUTRO
2026-04-21,AVGO,_NaiveModel,0.0,HOLD,0.64%,N/D,N/D,Pendiente,-,-,-,-,-,-,NEUTRO
2026-04-21,BRK-B,_NaiveModel,0.0,HOLD,-0.76%,N/D,N/D,Pendiente,-,-,-,-,-,-,NEUTRO
2026-04-21,CAT,_NaiveModel,0.0,HOLD,0.26%,N/D,N/D,Pendiente,-,-,-,-,-,-,NEUTRO
2026-04-21,COST,_NaiveModel,0.0,HOLD,0.80%,N/D,N/D,Pendiente,-,-,-,-,-,-,NEUTRO
2026-04-21,CRM,_NaiveModel,0.0,HOLD,0.45%,N/D,N/D,Pendiente,-,-,-,-,-,-,NEUTRO
2026-04-21,GOOGL,_NaiveModel,0.0,HOLD,-1.52%,N/D,N/D,Pendiente,-,-,-,-,-,-,NEUTRO
2026-04-21,JNJ,_NaiveModel,0.0,HOLD,-1.96%,N/D,N/D,Pendiente,-,-,-,-,-,-,NEUTRO
2026-04-21,JPM,_NaiveModel,0.0,HOLD,-1.26%,N/D,N/D,Pendiente,-,-,-,-,-,-,NEUTRO
2026-04-21,LLY,_NaiveModel,0.0,HOLD,-1.83%,N/D,N/D,Pendiente,-,-,-,-,-,-,NEUTRO
2026-04-21,LMT,_NaiveModel,0.0,HOLD,-1.61%,N/D,N/D,Pendiente,-,-,-,-,-,-,NEUTRO
2026-04-21,MA,_NaiveModel,0.0,HOLD,-1.03%,N/D,N/D,Pendiente,-,-,-,-,-,-,NEUTRO
2026-04-21,MCD,_NaiveModel,0.0,HOLD,-1.66%,N/D,N/D,Pendiente,-,-,-,-,-,-,NEUTRO
2026-04-21,META,_NaiveModel,0.0,HOLD,-0.31%,N/D,N/D,Pendiente,-,-,-,-,-,-,NEUTRO
2026-04-21,MRK,_NaiveModel,0.0,HOLD,-3.88%,N/D,N/D,Pendiente,-,-,-,-,-,-,NEUTRO
2026-04-21,MSFT,_NaiveModel,0.0,HOLD,1.46%,N/D,N/D,Pendiente,-,-,-,-,-,-,NEUTRO
2026-04-21,NEE,_NaiveModel,0.0,HOLD,-1.53%,N/D,N/D,Pendiente,-,-,-,-,-,-,NEUTRO
2026-04-21,NVDA,_NaiveModel,0.0,HOLD,-1.08%,N/D,N/D,Pendiente,-,-,-,-,-,-,NEUTRO
2026-04-21,ORCL,_NaiveModel,0.0,HOLD,2.02%,N/D,N/D,Pendiente,-,-,-,-,-,-,NEUTRO
2026-04-21,PG,_NaiveModel,0.0,HOLD,-1.50%,N/D,N/D,Pendiente,-,-,-,-,-,-,NEUTRO
2026-04-21,PLTR,_NaiveModel,0.0,HOLD,0.05%,N/D,N/D,Pendiente,-,-,-,-,-,-,NEUTRO
2026-04-21,TSLA,_NaiveModel,0.0,HOLD,-1.55%,N/D,N/D,Pendiente,-,-,-,-,-,-,NEUTRO
2026-04-21,TSM,_NaiveModel,0.0,HOLD,0.50%,N/D,N/D,Pendiente,-,-,-,-,-,-,NEUTRO
2026-04-21,UNH,_NaiveModel,0.0,HOLD,6.96%,N/D,N/D,Pendiente,-,-,-,-,-,-,NEUTRO
2026-04-21,V,_NaiveModel,0.0,HOLD,-1.27%,N/D,N/D,Pendiente,-,-,-,-,-,-,NEUTRO
2026-04-21,WMT,_NaiveModel,0.0,HOLD,1.31%,N/D,N/D,Pendiente,-,-,-,-,-,-,NEUTRO
2026-04-21,XOM,_NaiveModel,0.0,HOLD,0.46%,N/D,N/D,Pendiente,-,-,-,-,-,-,NEUTRO
2026-04-20,AAPL,_NaiveModel,0.0,HOLD,1.04%,N/D,N/D,Pendiente,-,-,-,-,-,-,NEUTRO
2026-04-20,AMD,_NaiveModel,0.0,HOLD,-1.24%,N/D,N/D,Pendiente,-,-,-,-,-,-,NEUTRO
2026-04-20,AMZN,_NaiveModel,0.0,HOLD,-0.91%,N/D,N/D,Pendiente,-,-,-,-,-,-,NEUTRO
2026-04-20,ASML,_NaiveModel,0.0,HOLD,1.14%,N/D,N/D,Pendiente,-,-,-,-,-,-,NEUTRO
2026-04-20,AVGO,_NaiveModel,0.0,HOLD,-1.70%,N/D,N/D,Pendiente,-,-,-,-,-,-,NEUTRO
2026-04-20,BRK-B,_NaiveModel,0.0,HOLD,-0.53%,N/D,N/D,Pendiente,-,-,-,-,-,-,NEUTRO
2026-04-20,CAT,_NaiveModel,0.0,HOLD,0.47%,N/D,N/D,Pendiente,-,-,-,-,-,-,NEUTRO
2026-04-20,COST,_NaiveModel,0.0,HOLD,-0.21%,N/D,N/D,Pendiente,-,-,-,-,-,-,NEUTRO
2026-04-20,CRM,_NaiveModel,0.0,HOLD,2.27%,N/D,N/D,Pendiente,-,-,-,-,-,-,NEUTRO
2026-04-20,GOOGL,_NaiveModel,0.0,HOLD,-1.25%,N/D,N/D,Pendiente,-,-,-,-,-,-,NEUTRO
2026-04-20,JNJ,_NaiveModel,0.0,HOLD,-1.49%,N/D,N/D,Pendiente,-,-,-,-,-,-,NEUTRO
2026-04-20,JPM,_NaiveModel,0.0,HOLD,2.16%,N/D,N/D,Pendiente,-,-,-,-,-,-,NEUTRO
2026-04-20,LLY,_NaiveModel,0.0,HOLD,-0.77%,N/D,N/D,Pendiente,-,-,-,-,-,-,NEUTRO
2026-04-20,LMT,_NaiveModel,0.0,HOLD,-1.84%,N/D,N/D,Pendiente,-,-,-,-,-,-,NEUTRO
2026-04-20,MA,_NaiveModel,0.0,HOLD,-0.89%,N/D,N/D,Pendiente,-,-,-,-,-,-,NEUTRO
2026-04-20,MCD,_NaiveModel,0.0,HOLD,-1.42%,N/D,N/D,Pendiente,-,-,-,-,-,-,NEUTRO
2026-04-20,META,_NaiveModel,0.0,HOLD,-2.56%,N/D,N/D,Pendiente,-,-,-,-,-,-,NEUTRO
2026-04-20,MRK,_NaiveModel,0.0,HOLD,-1.65%,N/D,N/D,Pendiente,-,-,-,-,-,-,NEUTRO
2026-04-20,MSFT,_NaiveModel,0.0,HOLD,-1.12%,N/D,N/D,Pendiente,-,-,-,-,-,-,NEUTRO
2026-04-20,NEE,_NaiveModel,0.0,HOLD,0.03%,N/D,N/D,Pendiente,-,-,-,-,-,-,NEUTRO
2026-04-20,NVDA,_NaiveModel,0.0,HOLD,0.19%,N/D,N/D,Pendiente,-,-,-,-,-,-,NEUTRO
2026-04-20,ORCL,_NaiveModel,0.0,HOLD,1.44%,N/D,N/D,Pendiente,-,-,-,-,-,-,NEUTRO
2026-04-20,PG,_NaiveModel,0.0,HOLD,-1.66%,N/D,N/D,Pendiente,-,-,-,-,-,-,NEUTRO
2026-04-20,PLTR,_NaiveModel,0.0,HOLD,-0.34%,N/D,N/D,Pendiente,-,-,-,-,-,-,NEUTRO
2026-04-20,TSLA,_NaiveModel,0.0,HOLD,-2.03%,N/D,N/D,Pendiente,-,-,-,-,-,-,NEUTRO
2026-04-20,TSM,_NaiveModel,0.0,HOLD,-1.15%,N/D,N/D,Pendiente,-,-,-,-,-,-,NEUTRO
2026-04-20,UNH,_NaiveModel,0.0,HOLD,-0.35%,N/D,N/D,Pendiente,-,-,-,-,-,-,NEUTRO
2026-04-20,V,_NaiveModel,0.0,HOLD,-0.97%,N/D,N/D,Pendiente,-,-,-,-,-,-,NEUTRO
2026-04-20,WMT,_NaiveModel,0.0,HOLD,0.33%,N/D,N/D,Pendiente,-,-,-,-,-,-,NEUTRO
2026-04-20,XOM,_NaiveModel,0.0,HOLD,0.85%,N/D,N/D,Pendiente,-,-,-,-,-,-,NEUTRO
2026-04-19,AAPL,_NaiveModel,0.0,HOLD,0.00%,N/D,N/D,Pendiente,-,-,-,-,-,-,NEUTRO
2026-04-19,AMD,_NaiveModel,0.0,HOLD,0.00%,N/D,N/D,Pendiente,-,-,-,-,-,-,NEUTRO
2026-04-19,AMZN,_NaiveModel,0.0,HOLD,0.00%,N/D,N/D,Pendiente,-,-,-,-,-,-,NEUTRO
2026-04-19,ASML,_NaiveModel,0.0,HOLD,0.00%,N/D,N/D,Pendiente,-,-,-,-,-,-,NEUTRO
2026-04-19,AVGO,_NaiveModel,0.0,HOLD,0.00%,N/D,N/D,Pendiente,-,-,-,-,-,-,NEUTRO
2026-04-19,BRK-B,_NaiveModel,0.0,HOLD,0.00%,N/D,N/D,Pendiente,-,-,-,-,-,-,NEUTRO
2026-04-19,CAT,_NaiveModel,0.0,HOLD,0.00%,N/D,N/D,Pendiente,-,-,-,-,-,-,NEUTRO
2026-04-19,COST,_NaiveModel,0.0,HOLD,0.00%,N/D,N/D,Pendiente,-,-,-,-,-,-,NEUTRO
2026-04-19,CRM,_NaiveModel,0.0,HOLD,0.00%,N/D,N/D,Pendiente,-,-,-,-,-,-,NEUTRO
2026-04-19,GOOGL,_NaiveModel,0.0,HOLD,0.00%,N/D,N/D,Pendiente,-,-,-,-,-,-,NEUTRO
2026-04-19,JNJ,_NaiveModel,0.0,HOLD,0.00%,N/D,N/D,Pendiente,-,-,-,-,-,-,NEUTRO
2026-04-19,JPM,_NaiveModel,0.0,HOLD,0.00%,N/D,N/D,Pendiente,-,-,-,-,-,-,NEUTRO
2026-04-19,LLY,_NaiveModel,0.0,HOLD,0.00%,N/D,N/D,Pendiente,-,-,-,-,-,-,NEUTRO
2026-04-19,LMT,_NaiveModel,0.0,HOLD,0.00%,N/D,N/D,Pendiente,-,-,-,-,-,-,NEUTRO
2026-04-19,MA,_NaiveModel,0.0,HOLD,0.00%,N/D,N/D,Pendiente,-,-,-,-,-,-,NEUTRO
2026-04-19,MCD,_NaiveModel,0.0,HOLD,0.00%,N/D,N/D,Pendiente,-,-,-,-,-,-,NEUTRO
2026-04-19,META,_NaiveModel,0.0,HOLD,0.00%,N/D,N/D,Pendiente,-,-,-,-,-,-,NEUTRO
2026-04-19,MRK,_NaiveModel,0.0,HOLD,0.00%,N/D,N/D,Pendiente,-,-,-,-,-,-,NEUTRO
2026-04-19,MSFT,_NaiveModel,0.0,HOLD,0.00%,N/D,N/D,Pendiente,-,-,-,-,-,-,NEUTRO
2026-04-19,NEE,_NaiveModel,0.0,HOLD,0.00%,N/D,N/D,Pendiente,-,-,-,-,-,-,NEUTRO
2026-04-19,NVDA,_NaiveModel,0.0,HOLD,0.00%,N/D,N/D,Pendiente,-,-,-,-,-,-,NEUTRO
2026-04-19,ORCL,_NaiveModel,0.0,HOLD,0.00%,N/D,N/D,Pendiente,-,-,-,-,-,-,NEUTRO
2026-04-19,PG,_NaiveModel,0.0,HOLD,0.00%,N/D,N/D,Pendiente,-,-,-,-,-,-,NEUTRO
2026-04-19,PLTR,_NaiveModel,0.0,HOLD,0.00%,N/D,N/D,Pendiente,-,-,-,-,-,-,NEUTRO
2026-04-19,TSLA,_NaiveModel,0.0,HOLD,0.00%,N/D,N/D,Pendiente,-,-,-,-,-,-,NEUTRO
2026-04-19,TSM,_NaiveModel,0.0,HOLD,0.00%,N/D,N/D,Pendiente,-,-,-,-,-,-,NEUTRO
2026-04-19,UNH,_NaiveModel,0.0,HOLD,0.00%,N/D,N/D,Pendiente,-,-,-,-,-,-,NEUTRO
2026-04-19,V,_NaiveModel,0.0,HOLD,0.00%,N/D,N/D,Pendiente,-,-,-,-,-,-,NEUTRO
2026-04-19,WMT,_NaiveModel,0.0,HOLD,0.00%,N/D,N/D,Pendiente,-,-,-,-,-,-,NEUTRO
2026-04-19,XOM,_NaiveModel,0.0,HOLD,0.00%,N/D,N/D,Pendiente,-,-,-,-,-,-,NEUTRO
2026-04-18,AAPL,_NaiveModel,0.0,HOLD,0.00%,N/D,N/D,Pendiente,-,-,-,-,-,-,NEUTRO
2026-04-18,AMD,_NaiveModel,0.0,HOLD,0.00%,N/D,N/D,Pendiente,-,-,-,-,-,-,NEUTRO
2026-04-18,AMZN,_NaiveModel,0.0,HOLD,0.00%,N/D,N/D,Pendiente,-,-,-,-,-,-,NEUTRO
2026-04-18,ASML,_NaiveModel,0.0,HOLD,0.00%,N/D,N/D,Pendiente,-,-,-,-,-,-,NEUTRO
2026-04-18,AVGO,_NaiveModel,0.0,HOLD,0.00%,N/D,N/D,Pendiente,-,-,-,-,-,-,NEUTRO
2026-04-18,BRK-B,_NaiveModel,0.0,HOLD,0.00%,N/D,N/D,Pendiente,-,-,-,-,-,-,NEUTRO
2026-04-18,CAT,_NaiveModel,0.0,HOLD,0.00%,N/D,N/D,Pendiente,-,-,-,-,-,-,NEUTRO
2026-04-18,COST,_NaiveModel,0.0,HOLD,0.00%,N/D,N/D,Pendiente,-,-,-,-,-,-,NEUTRO
2026-04-18,CRM,_NaiveModel,0.0,HOLD,0.00%,N/D,N/D,Pendiente,-,-,-,-,-,-,NEUTRO
2026-04-18,GOOGL,_NaiveModel,0.0,HOLD,0.00%,N/D,N/D,Pendiente,-,-,-,-,-,-,NEUTRO
2026-04-18,JNJ,_NaiveModel,0.0,HOLD,0.00%,N/D,N/D,Pendiente,-,-,-,-,-,-,NEUTRO
2026-04-18,JPM,_NaiveModel,0.0,HOLD,0.00%,N/D,N/D,Pendiente,-,-,-,-,-,-,NEUTRO
2026-04-18,LLY,_NaiveModel,0.0,HOLD,0.00%,N/D,N/D,Pendiente,-,-,-,-,-,-,NEUTRO
2026-04-18,LMT,_NaiveModel,0.0,HOLD,0.00%,N/D,N/D,Pendiente,-,-,-,-,-,-,NEUTRO
2026-04-18,MA,_NaiveModel,0.0,HOLD,0.00%,N/D,N/D,Pendiente,-,-,-,-,-,-,NEUTRO
2026-04-18,MCD,_NaiveModel,0.0,HOLD,0.00%,N/D,N/D,Pendiente,-,-,-,-,-,-,NEUTRO
2026-04-18,META,_NaiveModel,0.0,HOLD,0.00%,N/D,N/D,Pendiente,-,-,-,-,-,-,NEUTRO
2026-04-18,MRK,_NaiveModel,0.0,HOLD,0.00%,N/D,N/D,Pendiente,-,-,-,-,-,-,NEUTRO
2026-04-18,MSFT,_NaiveModel,0.0,HOLD,0.00%,N/D,N/D,Pendiente,-,-,-,-,-,-,NEUTRO
2026-04-18,NEE,_NaiveModel,0.0,HOLD,0.00%,N/D,N/D,Pendiente,-,-,-,-,-,-,NEUTRO
2026-04-18,NVDA,_NaiveModel,0.0,HOLD,0.00%,N/D,N/D,Pendiente,-,-,-,-,-,-,NEUTRO
2026-04-18,ORCL,_NaiveModel,0.0,HOLD,0.00%,N/D,N/D,Pendiente,-,-,-,-,-,-,NEUTRO
2026-04-18,PG,_NaiveModel,0.0,HOLD,0.00%,N/D,N/D,Pendiente,-,-,-,-,-,-,NEUTRO
2026-04-18,PLTR,_NaiveModel,0.0,HOLD,0.00%,N/D,N/D,Pendiente,-,-,-,-,-,-,NEUTRO
2026-04-18,TSLA,_NaiveModel,0.0,HOLD,0.00%,N/D,N/D,Pendiente,-,-,-,-,-,-,NEUTRO
2026-04-18,TSM,_NaiveModel,0.0,HOLD,0.00%,N/D,N/D,Pendiente,-,-,-,-,-,-,NEUTRO
2026-04-18,UNH,_NaiveModel,0.0,HOLD,0.00%,N/D,N/D,Pendiente,-,-,-,-,-,-,NEUTRO
2026-04-18,V,_NaiveModel,0.0,HOLD,0.00%,N/D,N/D,Pendiente,-,-,-,-,-,-,NEUTRO
2026-04-18,WMT,_NaiveModel,0.0,HOLD,0.00%,N/D,N/D,Pendiente,-,-,-,-,-,-,NEUTRO
2026-04-18,XOM,_NaiveModel,0.0,HOLD,0.00%,N/D,N/D,Pendiente,-,-,-,-,-,-,NEUTRO
2026-04-17,AAPL,_NaiveModel,0.0,HOLD,2.59%,1.05%,N/D,Fallo,-,-,-,-,-,-,NEUTRO
2026-04-17,AMD,_NaiveModel,0.0,HOLD,0.05%,2.24%,N/D,Fallo,-,-,-,-,-,-,NEUTRO
2026-04-17,AMZN,_NaiveModel,0.0,HOLD,0.34%,0.08%,N/D,Acierto,-,-,-,-,-,-,NEUTRO
2026-04-17,ASML,_NaiveModel,0.0,HOLD,3.47%,3.41%,N/D,Fallo,-,-,-,-,-,-,NEUTRO
2026-04-17,AVGO,_NaiveModel,0.0,HOLD,2.03%,0.93%,N/D,Acierto,-,-,-,-,-,-,NEUTRO
2026-04-17,BRK-B,_NaiveModel,0.0,HOLD,-0.11%,-1.39%,N/D,Fallo,-,-,-,-,-,-,NEUTRO
2026-04-17,CAT,_NaiveModel,0.0,HOLD,2.85%,3.60%,N/D,Fallo,-,-,-,-,-,-,NEUTRO
2026-04-17,COST,_NaiveModel,0.0,HOLD,1.28%,1.88%,N/D,Fallo,-,-,-,-,-,-,NEUTRO
2026-04-17,CRM,_NaiveModel,0.0,HOLD,0.51%,3.25%,N/D,Fallo,-,-,-,-,-,-,NEUTRO
2026-04-17,GOOGL,_NaiveModel,0.0,HOLD,1.68%,-1.11%,N/D,Fallo,-,-,-,-,-,-,NEUTRO
2026-04-17,JNJ,_NaiveModel,0.0,HOLD,-0.15%,-3.57%,N/D,Fallo,-,-,-,-,-,-,NEUTRO
2026-04-17,JPM,_NaiveModel,0.0,HOLD,0.11%,0.98%,N/D,Acierto,-,-,-,-,-,-,NEUTRO
2026-04-17,LLY,_NaiveModel,0.0,HOLD,2.55%,-0.11%,N/D,Acierto,-,-,-,-,-,-,NEUTRO
2026-04-17,LMT,_NaiveModel,0.0,HOLD,-2.52%,-5.85%,N/D,Fallo,-,-,-,-,-,-,NEUTRO
2026-04-17,MA,_NaiveModel,0.0,HOLD,0.53%,-1.39%,N/D,Fallo,-,-,-,-,-,-,NEUTRO
2026-04-17,MCD,_NaiveModel,0.0,HOLD,1.43%,-1.67%,N/D,Fallo,-,-,-,-,-,-,NEUTRO
2026-04-17,META,_NaiveModel,0.0,HOLD,1.73%,-1.19%,N/D,Fallo,-,-,-,-,-,-,NEUTRO
2026-04-17,MRK,_NaiveModel,0.0,HOLD,3.13%,-2.51%,N/D,Fallo,-,-,-,-,-,-,NEUTRO
2026-04-17,MSFT,_NaiveModel,0.0,HOLD,0.60%,0.93%,N/D,Acierto,-,-,-,-,-,-,NEUTRO
2026-04-17,NEE,_NaiveModel,0.0,HOLD,0.16%,-1.34%,N/D,Fallo,-,-,-,-,-,-,NEUTRO
2026-04-17,NVDA,_NaiveModel,0.0,HOLD,1.68%,0.77%,N/D,Acierto,-,-,-,-,-,-,NEUTRO
2026-04-17,ORCL,_NaiveModel,0.0,HOLD,-1.84%,1.59%,N/D,Fallo,-,-,-,-,-,-,NEUTRO
2026-04-17,PG,_NaiveModel,0.0,HOLD,2.67%,-0.55%,N/D,Acierto,-,-,-,-,-,-,NEUTRO
2026-04-17,PLTR,_NaiveModel,0.0,HOLD,2.54%,2.25%,N/D,Fallo,-,-,-,-,-,-,NEUTRO
2026-04-17,TSLA,_NaiveModel,0.0,HOLD,3.01%,-0.64%,N/D,Acierto,-,-,-,-,-,-,NEUTRO
2026-04-17,TSM,_NaiveModel,0.0,HOLD,1.97%,1.30%,N/D,Fallo,-,-,-,-,-,-,NEUTRO
2026-04-17,UNH,_NaiveModel,0.0,HOLD,2.60%,9.36%,N/D,Fallo,-,-,-,-,-,-,NEUTRO
2026-04-17,V,_NaiveModel,0.0,HOLD,0.61%,-1.64%,N/D,Fallo,-,-,-,-,-,-,NEUTRO
2026-04-17,WMT,_NaiveModel,0.0,HOLD,2.15%,3.83%,N/D,Fallo,-,-,-,-,-,-,NEUTRO
2026-04-17,XOM,_NaiveModel,0.0,HOLD,-3.65%,-2.38%,N/D,Fallo,-,-,-,-,-,-,NEUTRO
2026-04-16,AAPL,_NaiveModel,0.0,HOLD,-1.14%,2.48%,N/D,Fallo,-,-,-,-,-,-,NEUTRO
2026-04-16,AMD,_NaiveModel,0.0,HOLD,7.80%,6.52%,N/D,Fallo,-,-,-,-,-,-,NEUTRO
2026-04-16,AMZN,_NaiveModel,0.0,HOLD,0.48%,-0.09%,N/D,Acierto,-,-,-,-,-,-,NEUTRO
2026-04-16,ASML,_NaiveModel,0.0,HOLD,-4.79%,-0.36%,N/D,Acierto,-,-,-,-,-,-,NEUTRO
2026-04-16,AVGO,_NaiveModel,0.0,HOLD,0.44%,0.73%,N/D,Acierto,-,-,-,-,-,-,NEUTRO
2026-04-16,BRK-B,_NaiveModel,0.0,HOLD,0.22%,-0.42%,N/D,Acierto,-,-,-,-,-,-,NEUTRO
2026-04-16,CAT,_NaiveModel,0.0,HOLD,0.32%,3.67%,N/D,Fallo,-,-,-,-,-,-,NEUTRO
2026-04-16,COST,_NaiveModel,0.0,HOLD,0.25%,1.33%,N/D,Fallo,-,-,-,-,-,-,NEUTRO
2026-04-16,CRM,_NaiveModel,0.0,HOLD,2.04%,4.88%,N/D,Fallo,-,-,-,-,-,-,NEUTRO
2026-04-16,GOOGL,_NaiveModel,0.0,HOLD,-0.33%,0.09%,N/D,Acierto,-,-,-,-,-,-,NEUTRO
2026-04-16,JNJ,_NaiveModel,0.0,HOLD,-1.73%,-3.34%,N/D,Fallo,-,-,-,-,-,-,NEUTRO
2026-04-16,JPM,_NaiveModel,0.0,HOLD,1.31%,3.62%,N/D,Fallo,-,-,-,-,-,-,NEUTRO
2026-04-16,LLY,_NaiveModel,0.0,HOLD,-0.11%,1.64%,N/D,Fallo,-,-,-,-,-,-,NEUTRO
2026-04-16,LMT,_NaiveModel,0.0,HOLD,-0.59%,-4.88%,N/D,Fallo,-,-,-,-,-,-,NEUTRO
2026-04-16,MA,_NaiveModel,0.0,HOLD,-0.27%,-0.64%,N/D,Acierto,-,-,-,-,-,-,NEUTRO
2026-04-16,MCD,_NaiveModel,0.0,HOLD,0.23%,0.22%,N/D,Acierto,-,-,-,-,-,-,NEUTRO
2026-04-16,META,_NaiveModel,0.0,HOLD,0.79%,-0.10%,N/D,Acierto,-,-,-,-,-,-,NEUTRO
2026-04-16,MRK,_NaiveModel,0.0,HOLD,-2.07%,-0.68%,N/D,Acierto,-,-,-,-,-,-,NEUTRO
2026-04-16,MSFT,_NaiveModel,0.0,HOLD,2.20%,1.67%,N/D,Fallo,-,-,-,-,-,-,NEUTRO
2026-04-16,NEE,_NaiveModel,0.0,HOLD,0.65%,0.84%,N/D,Acierto,-,-,-,-,-,-,NEUTRO
2026-04-16,NVDA,_NaiveModel,0.0,HOLD,-0.26%,1.60%,N/D,Fallo,-,-,-,-,-,-,NEUTRO
2026-04-16,ORCL,_NaiveModel,0.0,HOLD,5.02%,4.58%,N/D,Fallo,-,-,-,-,-,-,NEUTRO
2026-04-16,PG,_NaiveModel,0.0,HOLD,-0.19%,0.77%,N/D,Acierto,-,-,-,-,-,-,NEUTRO
2026-04-16,PLTR,_NaiveModel,0.0,HOLD,0.43%,2.63%,N/D,Fallo,-,-,-,-,-,-,NEUTRO
2026-04-16,TSLA,_NaiveModel,0.0,HOLD,-0.78%,0.14%,N/D,Acierto,-,-,-,-,-,-,NEUTRO
2026-04-16,TSM,_NaiveModel,0.0,HOLD,-3.13%,-2.36%,N/D,Fallo,-,-,-,-,-,-,NEUTRO
2026-04-16,UNH,_NaiveModel,0.0,HOLD,0.75%,3.00%,N/D,Fallo,-,-,-,-,-,-,NEUTRO
2026-04-16,V,_NaiveModel,0.0,HOLD,-0.26%,-0.62%,N/D,Acierto,-,-,-,-,-,-,NEUTRO
2026-04-16,WMT,_NaiveModel,0.0,HOLD,0.05%,2.53%,N/D,Fallo,-,-,-,-,-,-,NEUTRO
2026-04-16,XOM,_NaiveModel,0.0,HOLD,1.99%,-0.89%,N/D,Acierto,-,-,-,-,-,-,NEUTRO
2026-04-15,AAPL,_NaiveModel,0.0,HOLD,2.94%,4.40%,N/D,Fallo,-,-,-,-,-,-,NEUTRO
2026-04-15,AMD,_NaiveModel,0.0,HOLD,1.20%,9.14%,N/D,Fallo,-,-,-,-,-,-,NEUTRO
2026-04-15,AMZN,_NaiveModel,0.0,HOLD,-0.21%,0.62%,N/D,Acierto,-,-,-,-,-,-,NEUTRO
2026-04-15,ASML,_NaiveModel,0.0,HOLD,-2.41%,-3.85%,N/D,Fallo,-,-,-,-,-,-,NEUTRO
2026-04-15,AVGO,_NaiveModel,0.0,HOLD,4.19%,6.77%,N/D,Fallo,-,-,-,-,-,-,NEUTRO
2026-04-15,BRK-B,_NaiveModel,0.0,HOLD,-0.72%,-0.62%,N/D,Acierto,-,-,-,-,-,-,NEUTRO
2026-04-15,CAT,_NaiveModel,0.0,HOLD,-3.03%,0.05%,N/D,Acierto,-,-,-,-,-,-,NEUTRO
2026-04-15,COST,_NaiveModel,0.0,HOLD,1.02%,2.57%,N/D,Fallo,-,-,-,-,-,-,NEUTRO
2026-04-15,CRM,_NaiveModel,0.0,HOLD,3.67%,6.32%,N/D,Fallo,-,-,-,-,-,-,NEUTRO
2026-04-15,GOOGL,_NaiveModel,0.0,HOLD,1.26%,2.63%,N/D,Fallo,-,-,-,-,-,-,NEUTRO
2026-04-15,JNJ,_NaiveModel,0.0,HOLD,-0.60%,-2.47%,N/D,Fallo,-,-,-,-,-,-,NEUTRO
2026-04-15,JPM,_NaiveModel,0.0,HOLD,-1.67%,-0.27%,N/D,Acierto,-,-,-,-,-,-,NEUTRO
2026-04-15,LLY,_NaiveModel,0.0,HOLD,-1.89%,0.49%,N/D,Acierto,-,-,-,-,-,-,NEUTRO
2026-04-15,LMT,_NaiveModel,0.0,HOLD,-0.08%,-3.17%,N/D,Fallo,-,-,-,-,-,-,NEUTRO
2026-04-15,MA,_NaiveModel,0.0,HOLD,1.33%,1.59%,N/D,Fallo,-,-,-,-,-,-,NEUTRO
2026-04-15,MCD,_NaiveModel,0.0,HOLD,1.00%,2.68%,N/D,Fallo,-,-,-,-,-,-,NEUTRO
2026-04-15,META,_NaiveModel,0.0,HOLD,1.37%,3.93%,N/D,Fallo,-,-,-,-,-,-,NEUTRO
2026-04-15,MRK,_NaiveModel,0.0,HOLD,-1.72%,-0.74%,N/D,Acierto,-,-,-,-,-,-,NEUTRO
2026-04-15,MSFT,_NaiveModel,0.0,HOLD,4.61%,7.55%,N/D,Fallo,-,-,-,-,-,-,NEUTRO
2026-04-15,NEE,_NaiveModel,0.0,HOLD,-0.08%,0.73%,N/D,Acierto,-,-,-,-,-,-,NEUTRO
2026-04-15,NVDA,_NaiveModel,0.0,HOLD,1.20%,2.63%,N/D,Fallo,-,-,-,-,-,-,NEUTRO
2026-04-15,ORCL,_NaiveModel,0.0,HOLD,4.18%,7.40%,N/D,Fallo,-,-,-,-,-,-,NEUTRO
2026-04-15,PG,_NaiveModel,0.0,HOLD,-0.69%,1.77%,N/D,Fallo,-,-,-,-,-,-,NEUTRO
2026-04-15,PLTR,_NaiveModel,0.0,HOLD,4.75%,7.88%,N/D,Fallo,-,-,-,-,-,-,NEUTRO
2026-04-15,TSLA,_NaiveModel,0.0,HOLD,7.62%,10.00%,N/D,Fallo,-,-,-,-,-,-,NEUTRO
2026-04-15,TSM,_NaiveModel,0.0,HOLD,-1.26%,-2.47%,N/D,Fallo,-,-,-,-,-,-,NEUTRO
2026-04-15,UNH,_NaiveModel,0.0,HOLD,-0.04%,3.32%,N/D,Fallo,-,-,-,-,-,-,NEUTRO
2026-04-15,V,_NaiveModel,0.0,HOLD,1.46%,1.81%,N/D,Fallo,-,-,-,-,-,-,NEUTRO
2026-04-15,WMT,_NaiveModel,0.0,HOLD,-0.23%,1.96%,N/D,Fallo,-,-,-,-,-,-,NEUTRO
2026-04-15,XOM,_NaiveModel,0.0,HOLD,-0.15%,-1.88%,N/D,Fallo,-,-,-,-,-,-,NEUTRO
2026-04-14,AAPL,_NaiveModel,0.0,HOLD,-0.14%,4.26%,N/D,Fallo,-,-,-,-,-,-,NEUTRO
2026-04-14,AMD,_NaiveModel,0.0,HOLD,3.34%,12.79%,N/D,Fallo,-,-,-,-,-,-,NEUTRO
2026-04-14,AMZN,_NaiveModel,0.0,HOLD,3.81%,4.45%,N/D,Fallo,-,-,-,-,-,-,NEUTRO
2026-04-14,ASML,_NaiveModel,0.0,HOLD,1.21%,-2.69%,N/D,Fallo,-,-,-,-,-,-,NEUTRO
2026-04-14,AVGO,_NaiveModel,0.0,HOLD,0.27%,7.05%,N/D,Fallo,-,-,-,-,-,-,NEUTRO
2026-04-14,BRK-B,_NaiveModel,0.0,HOLD,-0.55%,-1.17%,N/D,Fallo,-,-,-,-,-,-,NEUTRO
2026-04-14,CAT,_NaiveModel,0.0,HOLD,0.32%,0.37%,N/D,Acierto,-,-,-,-,-,-,NEUTRO
2026-04-14,COST,_NaiveModel,0.0,HOLD,-0.62%,1.94%,N/D,Fallo,-,-,-,-,-,-,NEUTRO
2026-04-14,CRM,_NaiveModel,0.0,HOLD,-0.87%,5.39%,N/D,Fallo,-,-,-,-,-,-,NEUTRO
2026-04-14,GOOGL,_NaiveModel,0.0,HOLD,3.61%,6.34%,N/D,Fallo,-,-,-,-,-,-,NEUTRO
2026-04-14,JNJ,_NaiveModel,0.0,HOLD,0.90%,-1.59%,N/D,Fallo,-,-,-,-,-,-,NEUTRO
2026-04-14,JPM,_NaiveModel,0.0,HOLD,-0.82%,-1.08%,N/D,Fallo,-,-,-,-,-,-,NEUTRO
2026-04-14,LLY,_NaiveModel,0.0,HOLD,-0.76%,-0.27%,N/D,Acierto,-,-,-,-,-,-,NEUTRO
2026-04-14,LMT,_NaiveModel,0.0,HOLD,-1.31%,-4.44%,N/D,Fallo,-,-,-,-,-,-,NEUTRO
2026-04-14,MA,_NaiveModel,0.0,HOLD,0.90%,2.50%,N/D,Fallo,-,-,-,-,-,-,NEUTRO
2026-04-14,MCD,_NaiveModel,0.0,HOLD,-0.42%,2.25%,N/D,Fallo,-,-,-,-,-,-,NEUTRO
2026-04-14,META,_NaiveModel,0.0,HOLD,4.41%,8.51%,N/D,Fallo,-,-,-,-,-,-,NEUTRO
2026-04-14,MRK,_NaiveModel,0.0,HOLD,-0.16%,-0.90%,N/D,Acierto,-,-,-,-,-,-,NEUTRO
2026-04-14,MSFT,_NaiveModel,0.0,HOLD,2.27%,10.00%,N/D,Fallo,-,-,-,-,-,-,NEUTRO
2026-04-14,NEE,_NaiveModel,0.0,HOLD,-1.07%,-0.35%,N/D,Acierto,-,-,-,-,-,-,NEUTRO
2026-04-14,NVDA,_NaiveModel,0.0,HOLD,3.80%,6.53%,N/D,Fallo,-,-,-,-,-,-,NEUTRO
2026-04-14,ORCL,_NaiveModel,0.0,HOLD,4.74%,12.49%,N/D,Fallo,-,-,-,-,-,-,NEUTRO
2026-04-14,PG,_NaiveModel,0.0,HOLD,0.56%,2.33%,N/D,Fallo,-,-,-,-,-,-,NEUTRO
2026-04-14,PLTR,_NaiveModel,0.0,HOLD,2.52%,10.59%,N/D,Fallo,-,-,-,-,-,-,NEUTRO
2026-04-14,TSLA,_NaiveModel,0.0,HOLD,3.34%,13.68%,N/D,Fallo,-,-,-,-,-,-,NEUTRO
2026-04-14,TSM,_NaiveModel,0.0,HOLD,2.79%,0.25%,N/D,Acierto,-,-,-,-,-,-,NEUTRO
2026-04-14,UNH,_NaiveModel,0.0,HOLD,0.38%,3.72%,N/D,Fallo,-,-,-,-,-,-,NEUTRO
2026-04-14,V,_NaiveModel,0.0,HOLD,0.64%,2.47%,N/D,Fallo,-,-,-,-,-,-,NEUTRO
2026-04-14,WMT,_NaiveModel,0.0,HOLD,0.39%,2.35%,N/D,Fallo,-,-,-,-,-,-,NEUTRO
2026-04-14,XOM,_NaiveModel,0.0,HOLD,-2.23%,-4.06%,N/D,Fallo,-,-,-,-,-,-,NEUTRO
2026-04-13,AAPL,_NaiveModel,0.0,HOLD,-0.49%,3.74%,N/D,Fallo,-,-,-,-,-,-,NEUTRO
2026-04-13,AMD,_NaiveModel,0.0,HOLD,0.73%,13.61%,N/D,Fallo,-,-,-,-,-,-,NEUTRO
2026-04-13,AMZN,_NaiveModel,0.0,HOLD,0.63%,5.11%,N/D,Fallo,-,-,-,-,-,-,NEUTRO
2026-04-13,ASML,_NaiveModel,0.0,HOLD,1.48%,-1.25%,N/D,Fallo,-,-,-,-,-,-,NEUTRO
2026-04-13,AVGO,_NaiveModel,0.0,HOLD,2.21%,9.42%,N/D,Fallo,-,-,-,-,-,-,NEUTRO
2026-04-13,BRK-B,_NaiveModel,0.0,HOLD,0.06%,-1.11%,N/D,Fallo,-,-,-,-,-,-,NEUTRO
2026-04-13,CAT,_NaiveModel,0.0,HOLD,0.14%,0.50%,N/D,Acierto,-,-,-,-,-,-,NEUTRO
2026-04-13,COST,_NaiveModel,0.0,HOLD,-1.76%,0.14%,N/D,Acierto,-,-,-,-,-,-,NEUTRO
2026-04-13,CRM,_NaiveModel,0.0,HOLD,4.76%,10.41%,N/D,Fallo,-,-,-,-,-,-,NEUTRO
2026-04-13,GOOGL,_NaiveModel,0.0,HOLD,1.28%,7.70%,N/D,Fallo,-,-,-,-,-,-,NEUTRO
2026-04-13,JNJ,_NaiveModel,0.0,HOLD,-0.21%,-1.79%,N/D,Fallo,-,-,-,-,-,-,NEUTRO
2026-04-13,JPM,_NaiveModel,0.0,HOLD,1.23%,0.14%,N/D,Acierto,-,-,-,-,-,-,NEUTRO
2026-04-13,LLY,_NaiveModel,0.0,HOLD,-1.06%,-1.32%,N/D,Fallo,-,-,-,-,-,-,NEUTRO
2026-04-13,LMT,_NaiveModel,0.0,HOLD,0.97%,-3.51%,N/D,Fallo,-,-,-,-,-,-,NEUTRO
2026-04-13,MA,_NaiveModel,0.0,HOLD,1.99%,4.54%,N/D,Fallo,-,-,-,-,-,-,NEUTRO
2026-04-13,MCD,_NaiveModel,0.0,HOLD,-0.38%,1.86%,N/D,Fallo,-,-,-,-,-,-,NEUTRO
2026-04-13,META,_NaiveModel,0.0,HOLD,0.74%,9.32%,N/D,Fallo,-,-,-,-,-,-,NEUTRO
2026-04-13,MRK,_NaiveModel,0.0,HOLD,-1.05%,-1.94%,N/D,Fallo,-,-,-,-,-,-,NEUTRO
2026-04-13,MSFT,_NaiveModel,0.0,HOLD,3.64%,14.00%,N/D,Fallo,-,-,-,-,-,-,NEUTRO
2026-04-13,NEE,_NaiveModel,0.0,HOLD,-1.89%,-2.23%,N/D,Fallo,-,-,-,-,-,-,NEUTRO
2026-04-13,NVDA,_NaiveModel,0.0,HOLD,0.36%,6.92%,N/D,Fallo,-,-,-,-,-,-,NEUTRO
2026-04-13,ORCL,_NaiveModel,0.0,HOLD,12.69%,26.77%,N/D,Fallo,-,-,-,-,-,-,NEUTRO
2026-04-13,PG,_NaiveModel,0.0,HOLD,-1.09%,1.22%,N/D,Fallo,-,-,-,-,-,-,NEUTRO
2026-04-13,PLTR,_NaiveModel,0.0,HOLD,3.37%,14.31%,N/D,Fallo,-,-,-,-,-,-,NEUTRO
2026-04-13,TSLA,_NaiveModel,0.0,HOLD,0.99%,14.81%,N/D,Fallo,-,-,-,-,-,-,NEUTRO
2026-04-13,TSM,_NaiveModel,0.0,HOLD,-0.28%,-0.03%,N/D,Acierto,-,-,-,-,-,-,NEUTRO
2026-04-13,UNH,_NaiveModel,0.0,HOLD,2.85%,6.67%,N/D,Fallo,-,-,-,-,-,-,NEUTRO
2026-04-13,V,_NaiveModel,0.0,HOLD,1.65%,4.16%,N/D,Fallo,-,-,-,-,-,-,NEUTRO
2026-04-13,WMT,_NaiveModel,0.0,HOLD,-1.74%,0.58%,N/D,Acierto,-,-,-,-,-,-,NEUTRO
2026-04-13,XOM,_NaiveModel,0.0,HOLD,0.09%,-3.98%,N/D,Fallo,-,-,-,-,-,-,NEUTRO
2026-04-12,AAPL,_NaiveModel,0.0,HOLD,0.00%,1.12%,N/D,Fallo,-,-,-,-,-,-,NEUTRO
2026-04-12,AMD,_NaiveModel,0.0,HOLD,0.00%,13.56%,N/D,Fallo,-,-,-,-,-,-,NEUTRO
2026-04-12,AMZN,_NaiveModel,0.0,HOLD,0.00%,4.75%,N/D,Fallo,-,-,-,-,-,-,NEUTRO
2026-04-12,ASML,_NaiveModel,0.0,HOLD,0.00%,-4.56%,N/D,Fallo,-,-,-,-,-,-,NEUTRO
2026-04-12,AVGO,_NaiveModel,0.0,HOLD,0.00%,7.25%,N/D,Fallo,-,-,-,-,-,-,NEUTRO
2026-04-12,BRK-B,_NaiveModel,0.0,HOLD,0.00%,-1.00%,N/D,Acierto,-,-,-,-,-,-,NEUTRO
2026-04-12,CAT,_NaiveModel,0.0,HOLD,0.00%,-2.28%,N/D,Fallo,-,-,-,-,-,-,NEUTRO
2026-04-12,COST,_NaiveModel,0.0,HOLD,0.00%,-1.13%,N/D,Fallo,-,-,-,-,-,-,NEUTRO
2026-04-12,CRM,_NaiveModel,0.0,HOLD,0.00%,9.86%,N/D,Fallo,-,-,-,-,-,-,NEUTRO
2026-04-12,GOOGL,_NaiveModel,0.0,HOLD,0.00%,5.92%,N/D,Fallo,-,-,-,-,-,-,NEUTRO
2026-04-12,JNJ,_NaiveModel,0.0,HOLD,0.00%,-1.64%,N/D,Fallo,-,-,-,-,-,-,NEUTRO
2026-04-12,JPM,_NaiveModel,0.0,HOLD,0.00%,0.03%,N/D,Acierto,-,-,-,-,-,-,NEUTRO
2026-04-12,LLY,_NaiveModel,0.0,HOLD,0.00%,-3.78%,N/D,Fallo,-,-,-,-,-,-,NEUTRO
2026-04-12,LMT,_NaiveModel,0.0,HOLD,0.00%,-1.02%,N/D,Fallo,-,-,-,-,-,-,NEUTRO
2026-04-12,MA,_NaiveModel,0.0,HOLD,0.00%,3.99%,N/D,Fallo,-,-,-,-,-,-,NEUTRO
2026-04-12,MCD,_NaiveModel,0.0,HOLD,0.00%,0.42%,N/D,Acierto,-,-,-,-,-,-,NEUTRO
2026-04-12,META,_NaiveModel,0.0,HOLD,0.00%,7.46%,N/D,Fallo,-,-,-,-,-,-,NEUTRO
2026-04-12,MRK,_NaiveModel,0.0,HOLD,0.00%,-4.91%,N/D,Fallo,-,-,-,-,-,-,NEUTRO
2026-04-12,MSFT,_NaiveModel,0.0,HOLD,0.00%,13.32%,N/D,Fallo,-,-,-,-,-,-,NEUTRO
2026-04-12,NEE,_NaiveModel,0.0,HOLD,0.00%,-2.39%,N/D,Fallo,-,-,-,-,-,-,NEUTRO
2026-04-12,NVDA,_NaiveModel,0.0,HOLD,0.00%,5.15%,N/D,Fallo,-,-,-,-,-,-,NEUTRO
2026-04-12,ORCL,_NaiveModel,0.0,HOLD,0.00%,29.15%,N/D,Fallo,-,-,-,-,-,-,NEUTRO
2026-04-12,PG,_NaiveModel,0.0,HOLD,0.00%,-1.41%,N/D,Fallo,-,-,-,-,-,-,NEUTRO
2026-04-12,PLTR,_NaiveModel,0.0,HOLD,0.00%,11.48%,N/D,Fallo,-,-,-,-,-,-,NEUTRO
2026-04-12,TSLA,_NaiveModel,0.0,HOLD,0.00%,11.45%,N/D,Fallo,-,-,-,-,-,-,NEUTRO
2026-04-12,TSM,_NaiveModel,0.0,HOLD,0.00%,-1.96%,N/D,Fallo,-,-,-,-,-,-,NEUTRO
2026-04-12,UNH,_NaiveModel,0.0,HOLD,0.00%,3.97%,N/D,Fallo,-,-,-,-,-,-,NEUTRO
2026-04-12,V,_NaiveModel,0.0,HOLD,0.00%,3.53%,N/D,Fallo,-,-,-,-,-,-,NEUTRO
2026-04-12,WMT,_NaiveModel,0.0,HOLD,0.00%,-1.54%,N/D,Fallo,-,-,-,-,-,-,NEUTRO
2026-04-12,XOM,_NaiveModel,0.0,HOLD,0.00%,-0.35%,N/D,Acierto,-,-,-,-,-,-,NEUTRO
2026-04-11,AAPL,_NaiveModel,0.0,HOLD,0.00%,2.28%,N/D,Fallo,-,-,-,-,-,-,NEUTRO
2026-04-11,AMD,_NaiveModel,0.0,HOLD,0.00%,5.34%,N/D,Fallo,-,-,-,-,-,-,NEUTRO
2026-04-11,AMZN,_NaiveModel,0.0,HOLD,0.00%,4.25%,N/D,Fallo,-,-,-,-,-,-,NEUTRO
2026-04-11,ASML,_NaiveModel,0.0,HOLD,0.00%,0.24%,N/D,Acierto,-,-,-,-,-,-,NEUTRO
2026-04-11,AVGO,_NaiveModel,0.0,HOLD,0.00%,6.77%,N/D,Fallo,-,-,-,-,-,-,NEUTRO
2026-04-11,BRK-B,_NaiveModel,0.0,HOLD,0.00%,-1.21%,N/D,Fallo,-,-,-,-,-,-,NEUTRO
2026-04-11,CAT,_NaiveModel,0.0,HOLD,0.00%,-2.59%,N/D,Fallo,-,-,-,-,-,-,NEUTRO
2026-04-11,COST,_NaiveModel,0.0,HOLD,0.00%,-1.37%,N/D,Fallo,-,-,-,-,-,-,NEUTRO
2026-04-11,CRM,_NaiveModel,0.0,HOLD,0.00%,7.66%,N/D,Fallo,-,-,-,-,-,-,NEUTRO
2026-04-11,GOOGL,_NaiveModel,0.0,HOLD,0.00%,6.27%,N/D,Fallo,-,-,-,-,-,-,NEUTRO
2026-04-11,JNJ,_NaiveModel,0.0,HOLD,0.00%,0.09%,N/D,Acierto,-,-,-,-,-,-,NEUTRO
2026-04-11,JPM,_NaiveModel,0.0,HOLD,0.00%,-1.27%,N/D,Fallo,-,-,-,-,-,-,NEUTRO
2026-04-11,LLY,_NaiveModel,0.0,HOLD,0.00%,-3.67%,N/D,Fallo,-,-,-,-,-,-,NEUTRO
2026-04-11,LMT,_NaiveModel,0.0,HOLD,0.00%,-0.43%,N/D,Acierto,-,-,-,-,-,-,NEUTRO
2026-04-11,MA,_NaiveModel,0.0,HOLD,0.00%,4.27%,N/D,Fallo,-,-,-,-,-,-,NEUTRO
2026-04-11,MCD,_NaiveModel,0.0,HOLD,0.00%,0.19%,N/D,Acierto,-,-,-,-,-,-,NEUTRO
2026-04-11,META,_NaiveModel,0.0,HOLD,0.00%,6.62%,N/D,Fallo,-,-,-,-,-,-,NEUTRO
2026-04-11,MRK,_NaiveModel,0.0,HOLD,0.00%,-2.90%,N/D,Fallo,-,-,-,-,-,-,NEUTRO
2026-04-11,MSFT,_NaiveModel,0.0,HOLD,0.00%,10.88%,N/D,Fallo,-,-,-,-,-,-,NEUTRO
2026-04-11,NEE,_NaiveModel,0.0,HOLD,0.00%,-3.02%,N/D,Fallo,-,-,-,-,-,-,NEUTRO
2026-04-11,NVDA,_NaiveModel,0.0,HOLD,0.00%,5.43%,N/D,Fallo,-,-,-,-,-,-,NEUTRO
2026-04-11,ORCL,_NaiveModel,0.0,HOLD,0.00%,22.97%,N/D,Fallo,-,-,-,-,-,-,NEUTRO
2026-04-11,PG,_NaiveModel,0.0,HOLD,0.00%,-1.23%,N/D,Fallo,-,-,-,-,-,-,NEUTRO
2026-04-11,PLTR,_NaiveModel,0.0,HOLD,0.00%,11.00%,N/D,Fallo,-,-,-,-,-,-,NEUTRO
2026-04-11,TSLA,_NaiveModel,0.0,HOLD,0.00%,12.32%,N/D,Fallo,-,-,-,-,-,-,NEUTRO
2026-04-11,TSM,_NaiveModel,0.0,HOLD,0.00%,1.21%,N/D,Fallo,-,-,-,-,-,-,NEUTRO
2026-04-11,UNH,_NaiveModel,0.0,HOLD,0.00%,3.19%,N/D,Fallo,-,-,-,-,-,-,NEUTRO
2026-04-11,V,_NaiveModel,0.0,HOLD,0.00%,3.79%,N/D,Fallo,-,-,-,-,-,-,NEUTRO
2026-04-11,WMT,_NaiveModel,0.0,HOLD,0.00%,-1.59%,N/D,Fallo,-,-,-,-,-,-,NEUTRO
2026-04-11,XOM,_NaiveModel,0.0,HOLD,0.00%,-2.29%,N/D,Fallo,-,-,-,-,-,-,NEUTRO
2026-04-10,AAPL,_NaiveModel,0.0,HOLD,-0.00%,-0.64%,N/D,Acierto,-,-,-,-,-,-,NEUTRO
2026-04-10,AMD,_NaiveModel,0.0,HOLD,3.55%,7.79%,N/D,Fallo,-,-,-,-,-,-,NEUTRO
2026-04-10,AMZN,_NaiveModel,0.0,HOLD,2.02%,6.58%,N/D,Fallo,-,-,-,-,-,-,NEUTRO
2026-04-10,ASML,_NaiveModel,0.0,HOLD,2.05%,4.81%,N/D,Fallo,-,-,-,-,-,-,NEUTRO
2026-04-10,AVGO,_NaiveModel,0.0,HOLD,4.69%,7.29%,N/D,Fallo,-,-,-,-,-,-,NEUTRO
2026-04-10,BRK-B,_NaiveModel,0.0,HOLD,-1.09%,-1.58%,N/D,Fallo,-,-,-,-,-,-,NEUTRO
2026-04-10,CAT,_NaiveModel,0.0,HOLD,0.46%,0.91%,N/D,Acierto,-,-,-,-,-,-,NEUTRO
2026-04-10,COST,_NaiveModel,0.0,HOLD,-3.25%,-5.55%,N/D,Fallo,-,-,-,-,-,-,NEUTRO
2026-04-10,CRM,_NaiveModel,0.0,HOLD,-3.45%,0.27%,N/D,Acierto,-,-,-,-,-,-,NEUTRO
2026-04-10,GOOGL,_NaiveModel,0.0,HOLD,-0.39%,4.53%,N/D,Fallo,-,-,-,-,-,-,NEUTRO
2026-04-10,JNJ,_NaiveModel,0.0,HOLD,-1.18%,-0.50%,N/D,Acierto,-,-,-,-,-,-,NEUTRO
2026-04-10,JPM,_NaiveModel,0.0,HOLD,-0.15%,0.25%,N/D,Acierto,-,-,-,-,-,-,NEUTRO
2026-04-10,LLY,_NaiveModel,0.0,HOLD,-1.65%,-3.42%,N/D,Fallo,-,-,-,-,-,-,NEUTRO
2026-04-10,LMT,_NaiveModel,0.0,HOLD,-1.63%,-1.97%,N/D,Fallo,-,-,-,-,-,-,NEUTRO
2026-04-10,MA,_NaiveModel,0.0,HOLD,-0.98%,1.90%,N/D,Fallo,-,-,-,-,-,-,NEUTRO
2026-04-10,MCD,_NaiveModel,0.0,HOLD,-1.25%,-2.04%,N/D,Fallo,-,-,-,-,-,-,NEUTRO
2026-04-10,META,_NaiveModel,0.0,HOLD,0.23%,5.43%,N/D,Fallo,-,-,-,-,-,-,NEUTRO
2026-04-10,MRK,_NaiveModel,0.0,HOLD,-1.03%,-2.22%,N/D,Fallo,-,-,-,-,-,-,NEUTRO
2026-04-10,MSFT,_NaiveModel,0.0,HOLD,-0.59%,5.37%,N/D,Fallo,-,-,-,-,-,-,NEUTRO
2026-04-10,NEE,_NaiveModel,0.0,HOLD,-0.42%,-3.36%,N/D,Fallo,-,-,-,-,-,-,NEUTRO
2026-04-10,NVDA,_NaiveModel,0.0,HOLD,2.57%,6.85%,N/D,Fallo,-,-,-,-,-,-,NEUTRO
2026-04-10,ORCL,_NaiveModel,0.0,HOLD,0.17%,18.24%,N/D,Fallo,-,-,-,-,-,-,NEUTRO
2026-04-10,PG,_NaiveModel,0.0,HOLD,-1.02%,-1.55%,N/D,Fallo,-,-,-,-,-,-,NEUTRO
2026-04-10,PLTR,_NaiveModel,0.0,HOLD,-1.86%,3.99%,N/D,Fallo,-,-,-,-,-,-,NEUTRO
2026-04-10,TSLA,_NaiveModel,0.0,HOLD,0.96%,5.38%,N/D,Fallo,-,-,-,-,-,-,NEUTRO
2026-04-10,TSM,_NaiveModel,0.0,HOLD,1.40%,3.94%,N/D,Fallo,-,-,-,-,-,-,NEUTRO
2026-04-10,UNH,_NaiveModel,0.0,HOLD,-0.84%,2.37%,N/D,Fallo,-,-,-,-,-,-,NEUTRO
2026-04-10,V,_NaiveModel,0.0,HOLD,-1.27%,1.00%,N/D,Acierto,-,-,-,-,-,-,NEUTRO
2026-04-10,WMT,_NaiveModel,0.0,HOLD,-1.83%,-3.16%,N/D,Fallo,-,-,-,-,-,-,NEUTRO
2026-04-10,XOM,_NaiveModel,0.0,HOLD,-1.63%,-3.74%,N/D,Fallo,-,-,-,-,-,-,NEUTRO
2026-04-08,AAPL,_NaiveModel,0.0,HOLD,2.76%,2.25%,N/D,Fallo,-,-,-,-,-,-,NEUTRO
2026-04-08,AMD,_NaiveModel,0.0,HOLD,6.82%,11.42%,N/D,Fallo,-,-,-,-,-,-,NEUTRO
2026-04-08,AMZN,_NaiveModel,0.0,HOLD,9.30%,12.22%,N/D,Fallo,-,-,-,-,-,-,NEUTRO
2026-04-08,ASML,_NaiveModel,0.0,HOLD,10.88%,14.83%,N/D,Fallo,-,-,-,-,-,-,NEUTRO
2026-04-08,AVGO,_NaiveModel,0.0,HOLD,6.27%,13.71%,N/D,Fallo,-,-,-,-,-,-,NEUTRO
2026-04-08,BRK-B,_NaiveModel,0.0,HOLD,1.49%,0.44%,N/D,Acierto,-,-,-,-,-,-,NEUTRO
2026-04-08,CAT,_NaiveModel,0.0,HOLD,8.65%,9.29%,N/D,Fallo,-,-,-,-,-,-,NEUTRO
2026-04-08,COST,_NaiveModel,0.0,HOLD,1.86%,-3.19%,N/D,Fallo,-,-,-,-,-,-,NEUTRO
2026-04-08,CRM,_NaiveModel,0.0,HOLD,-6.62%,-5.54%,N/D,Fallo,-,-,-,-,-,-,NEUTRO
2026-04-08,GOOGL,_NaiveModel,0.0,HOLD,4.27%,5.19%,N/D,Fallo,-,-,-,-,-,-,NEUTRO
2026-04-08,JNJ,_NaiveModel,0.0,HOLD,1.22%,-0.19%,N/D,Acierto,-,-,-,-,-,-,NEUTRO
2026-04-08,JPM,_NaiveModel,0.0,HOLD,4.35%,5.47%,N/D,Fallo,-,-,-,-,-,-,NEUTRO
2026-04-08,LLY,_NaiveModel,0.0,HOLD,2.59%,-0.17%,N/D,Acierto,-,-,-,-,-,-,NEUTRO
2026-04-08,LMT,_NaiveModel,0.0,HOLD,-0.61%,-1.28%,N/D,Fallo,-,-,-,-,-,-,NEUTRO
2026-04-08,MA,_NaiveModel,0.0,HOLD,1.06%,2.07%,N/D,Fallo,-,-,-,-,-,-,NEUTRO
2026-04-08,MCD,_NaiveModel,0.0,HOLD,1.54%,-0.11%,N/D,Acierto,-,-,-,-,-,-,NEUTRO
2026-04-08,META,_NaiveModel,0.0,HOLD,9.28%,10.34%,N/D,Fallo,-,-,-,-,-,-,NEUTRO
2026-04-08,MRK,_NaiveModel,0.0,HOLD,2.85%,0.73%,N/D,Acierto,-,-,-,-,-,-,NEUTRO
2026-04-08,MSFT,_NaiveModel,0.0,HOLD,0.21%,3.24%,N/D,Fallo,-,-,-,-,-,-,NEUTRO
2026-04-08,NEE,_NaiveModel,0.0,HOLD,0.86%,-1.46%,N/D,Fallo,-,-,-,-,-,-,NEUTRO
2026-04-08,NVDA,_NaiveModel,0.0,HOLD,3.26%,6.29%,N/D,Fallo,-,-,-,-,-,-,NEUTRO
2026-04-08,ORCL,_NaiveModel,0.0,HOLD,-3.71%,8.70%,N/D,Fallo,-,-,-,-,-,-,NEUTRO
2026-04-08,PG,_NaiveModel,0.0,HOLD,3.79%,1.61%,N/D,Fallo,-,-,-,-,-,-,NEUTRO
2026-04-08,PLTR,_NaiveModel,0.0,HOLD,-13.05%,-11.79%,N/D,Fallo,-,-,-,-,-,-,NEUTRO
2026-04-08,TSLA,_NaiveModel,0.0,HOLD,-0.30%,1.66%,N/D,Fallo,-,-,-,-,-,-,NEUTRO
2026-04-08,TSM,_NaiveModel,0.0,HOLD,5.84%,7.02%,N/D,Fallo,-,-,-,-,-,-,NEUTRO
2026-04-08,UNH,_NaiveModel,0.0,HOLD,-0.27%,1.71%,N/D,Fallo,-,-,-,-,-,-,NEUTRO
2026-04-08,V,_NaiveModel,0.0,HOLD,1.90%,2.26%,N/D,Fallo,-,-,-,-,-,-,NEUTRO
2026-04-08,WMT,_NaiveModel,0.0,HOLD,5.42%,1.70%,N/D,Fallo,-,-,-,-,-,-,NEUTRO
2026-04-08,XOM,_NaiveModel,0.0,HOLD,-5.41%,-6.88%,N/D,Fallo,-,-,-,-,-,-,NEUTRO
2026-04-07,AAPL,_NaiveModel,0.0,HOLD,-2.07%,0.63%,N/D,Acierto,-,-,-,-,-,-,NEUTRO
2026-04-07,AMD,_NaiveModel,0.0,HOLD,0.61%,11.29%,N/D,Fallo,-,-,-,-,-,-,NEUTRO
2026-04-07,AMZN,_NaiveModel,0.0,HOLD,0.46%,12.03%,N/D,Fallo,-,-,-,-,-,-,NEUTRO
2026-04-07,ASML,_NaiveModel,0.0,HOLD,0.19%,13.36%,N/D,Fallo,-,-,-,-,-,-,NEUTRO
2026-04-07,AVGO,_NaiveModel,0.0,HOLD,6.21%,18.17%,N/D,Fallo,-,-,-,-,-,-,NEUTRO
2026-04-07,BRK-B,_NaiveModel,0.0,HOLD,0.36%,0.74%,N/D,Acierto,-,-,-,-,-,-,NEUTRO
2026-04-07,CAT,_NaiveModel,0.0,HOLD,0.44%,9.63%,N/D,Fallo,-,-,-,-,-,-,NEUTRO
2026-04-07,COST,_NaiveModel,0.0,HOLD,-0.52%,-1.97%,N/D,Fallo,-,-,-,-,-,-,NEUTRO
2026-04-07,CRM,_NaiveModel,0.0,HOLD,-1.12%,-10.85%,N/D,Fallo,-,-,-,-,-,-,NEUTRO
2026-04-07,GOOGL,_NaiveModel,0.0,HOLD,1.82%,5.75%,N/D,Fallo,-,-,-,-,-,-,NEUTRO
2026-04-07,JNJ,_NaiveModel,0.0,HOLD,-1.06%,-1.04%,N/D,Fallo,-,-,-,-,-,-,NEUTRO
2026-04-07,JPM,_NaiveModel,0.0,HOLD,0.66%,4.88%,N/D,Fallo,-,-,-,-,-,-,NEUTRO
2026-04-07,LLY,_NaiveModel,0.0,HOLD,0.43%,1.34%,N/D,Fallo,-,-,-,-,-,-,NEUTRO
2026-04-07,LMT,_NaiveModel,0.0,HOLD,-1.60%,-3.79%,N/D,Fallo,-,-,-,-,-,-,NEUTRO
2026-04-07,MA,_NaiveModel,0.0,HOLD,-0.64%,-0.57%,N/D,Acierto,-,-,-,-,-,-,NEUTRO
2026-04-07,MCD,_NaiveModel,0.0,HOLD,-1.59%,-1.32%,N/D,Fallo,-,-,-,-,-,-,NEUTRO
2026-04-07,META,_NaiveModel,0.0,HOLD,0.35%,9.92%,N/D,Fallo,-,-,-,-,-,-,NEUTRO
2026-04-07,MRK,_NaiveModel,0.0,HOLD,-1.30%,0.47%,N/D,Acierto,-,-,-,-,-,-,NEUTRO
2026-04-07,MSFT,_NaiveModel,0.0,HOLD,-0.16%,-0.54%,N/D,Acierto,-,-,-,-,-,-,NEUTRO
2026-04-07,NEE,_NaiveModel,0.0,HOLD,1.01%,1.46%,N/D,Fallo,-,-,-,-,-,-,NEUTRO
2026-04-07,NVDA,_NaiveModel,0.0,HOLD,0.26%,6.19%,N/D,Fallo,-,-,-,-,-,-,NEUTRO
2026-04-07,ORCL,_NaiveModel,0.0,HOLD,-1.63%,-5.12%,N/D,Fallo,-,-,-,-,-,-,NEUTRO
2026-04-07,PG,_NaiveModel,0.0,HOLD,-1.03%,1.67%,N/D,Fallo,-,-,-,-,-,-,NEUTRO
2026-04-07,PLTR,_NaiveModel,0.0,HOLD,1.45%,-13.43%,N/D,Fallo,-,-,-,-,-,-,NEUTRO
2026-04-07,TSLA,_NaiveModel,0.0,HOLD,-1.75%,-1.10%,N/D,Fallo,-,-,-,-,-,-,NEUTRO
2026-04-07,TSM,_NaiveModel,0.0,HOLD,1.04%,8.44%,N/D,Fallo,-,-,-,-,-,-,NEUTRO
2026-04-07,UNH,_NaiveModel,0.0,HOLD,9.37%,8.16%,N/D,Fallo,-,-,-,-,-,-,NEUTRO
2026-04-07,V,_NaiveModel,0.0,HOLD,-0.26%,0.34%,N/D,Acierto,-,-,-,-,-,-,NEUTRO
2026-04-07,WMT,_NaiveModel,0.0,HOLD,-3.39%,-0.02%,N/D,Acierto,-,-,-,-,-,-,NEUTRO
2026-04-07,XOM,_NaiveModel,0.0,HOLD,0.33%,-6.65%,N/D,Fallo,-,-,-,-,-,-,NEUTRO
2026-04-06,AAPL,_NaiveModel,0.0,HOLD,1.15%,1.78%,N/D,Fallo,-,-,-,-,-,-,NEUTRO
2026-04-06,AMD,_NaiveModel,0.0,HOLD,1.23%,12.66%,N/D,Fallo,-,-,-,-,-,-,NEUTRO
2026-04-06,AMZN,_NaiveModel,0.0,HOLD,1.44%,13.64%,N/D,Fallo,-,-,-,-,-,-,NEUTRO
2026-04-06,ASML,_NaiveModel,0.0,HOLD,-1.00%,12.23%,N/D,Fallo,-,-,-,-,-,-,NEUTRO
2026-04-06,AVGO,_NaiveModel,0.0,HOLD,-0.04%,18.12%,N/D,Fallo,-,-,-,-,-,-,NEUTRO
2026-04-06,BRK-B,_NaiveModel,0.0,HOLD,-0.20%,0.53%,N/D,Acierto,-,-,-,-,-,-,NEUTRO
2026-04-06,CAT,_NaiveModel,0.0,HOLD,0.56%,10.24%,N/D,Fallo,-,-,-,-,-,-,NEUTRO
2026-04-06,COST,_NaiveModel,0.0,HOLD,0.35%,-1.62%,N/D,Fallo,-,-,-,-,-,-,NEUTRO
2026-04-06,CRM,_NaiveModel,0.0,HOLD,-1.15%,-11.87%,N/D,Fallo,-,-,-,-,-,-,NEUTRO
2026-04-06,GOOGL,_NaiveModel,0.0,HOLD,1.43%,7.26%,N/D,Fallo,-,-,-,-,-,-,NEUTRO
2026-04-06,JNJ,_NaiveModel,0.0,HOLD,-0.85%,-1.88%,N/D,Fallo,-,-,-,-,-,-,NEUTRO
2026-04-06,JPM,_NaiveModel,0.0,HOLD,0.29%,5.18%,N/D,Fallo,-,-,-,-,-,-,NEUTRO
2026-04-06,LLY,_NaiveModel,0.0,HOLD,-0.91%,0.42%,N/D,Acierto,-,-,-,-,-,-,NEUTRO
2026-04-06,LMT,_NaiveModel,0.0,HOLD,2.43%,-1.46%,N/D,Fallo,-,-,-,-,-,-,NEUTRO
2026-04-06,MA,_NaiveModel,0.0,HOLD,1.63%,1.06%,N/D,Fallo,-,-,-,-,-,-,NEUTRO
2026-04-06,MCD,_NaiveModel,0.0,HOLD,0.85%,-0.48%,N/D,Acierto,-,-,-,-,-,-,NEUTRO
2026-04-06,META,_NaiveModel,0.0,HOLD,-0.25%,9.64%,N/D,Fallo,-,-,-,-,-,-,NEUTRO
2026-04-06,MRK,_NaiveModel,0.0,HOLD,-0.02%,0.46%,N/D,Acierto,-,-,-,-,-,-,NEUTRO
2026-04-06,MSFT,_NaiveModel,0.0,HOLD,-0.16%,-0.69%,N/D,Acierto,-,-,-,-,-,-,NEUTRO
2026-04-06,NEE,_NaiveModel,0.0,HOLD,-0.45%,1.00%,N/D,Acierto,-,-,-,-,-,-,NEUTRO
2026-04-06,NVDA,_NaiveModel,0.0,HOLD,0.14%,6.34%,N/D,Fallo,-,-,-,-,-,-,NEUTRO
2026-04-06,ORCL,_NaiveModel,0.0,HOLD,-0.57%,-5.66%,N/D,Fallo,-,-,-,-,-,-,NEUTRO
2026-04-06,PG,_NaiveModel,0.0,HOLD,-0.24%,1.43%,N/D,Fallo,-,-,-,-,-,-,NEUTRO
2026-04-06,PLTR,_NaiveModel,0.0,HOLD,-0.36%,-13.74%,N/D,Fallo,-,-,-,-,-,-,NEUTRO
2026-04-06,TSLA,_NaiveModel,0.0,HOLD,-2.15%,-3.23%,N/D,Fallo,-,-,-,-,-,-,NEUTRO
2026-04-06,TSM,_NaiveModel,0.0,HOLD,0.80%,9.31%,N/D,Fallo,-,-,-,-,-,-,NEUTRO
2026-04-06,UNH,_NaiveModel,0.0,HOLD,1.48%,9.76%,N/D,Fallo,-,-,-,-,-,-,NEUTRO
2026-04-06,V,_NaiveModel,0.0,HOLD,0.84%,1.18%,N/D,Fallo,-,-,-,-,-,-,NEUTRO
2026-04-06,WMT,_NaiveModel,0.0,HOLD,0.79%,0.78%,N/D,Acierto,-,-,-,-,-,-,NEUTRO
2026-04-06,XOM,_NaiveModel,0.0,HOLD,1.67%,-5.09%,N/D,Fallo,-,-,-,-,-,-,NEUTRO
2026-04-05,AAPL,_NaiveModel,0.0,HOLD,0.00%,1.78%,N/D,Fallo,-,-,-,-,-,-,NEUTRO
2026-04-05,AMD,_NaiveModel,0.0,HOLD,0.00%,12.66%,N/D,Fallo,-,-,-,-,-,-,NEUTRO
2026-04-05,AMZN,_NaiveModel,0.0,HOLD,0.00%,13.64%,N/D,Fallo,-,-,-,-,-,-,NEUTRO
2026-04-05,ASML,_NaiveModel,0.0,HOLD,0.00%,12.23%,N/D,Fallo,-,-,-,-,-,-,NEUTRO
2026-04-05,AVGO,_NaiveModel,0.0,HOLD,0.00%,18.12%,N/D,Fallo,-,-,-,-,-,-,NEUTRO
2026-04-05,BRK-B,_NaiveModel,0.0,HOLD,0.00%,0.53%,N/D,Acierto,-,-,-,-,-,-,NEUTRO
2026-04-05,CAT,_NaiveModel,0.0,HOLD,0.00%,10.24%,N/D,Fallo,-,-,-,-,-,-,NEUTRO
2026-04-05,COST,_NaiveModel,0.0,HOLD,0.00%,-1.62%,N/D,Fallo,-,-,-,-,-,-,NEUTRO
2026-04-05,CRM,_NaiveModel,0.0,HOLD,0.00%,-11.87%,N/D,Fallo,-,-,-,-,-,-,NEUTRO
2026-04-05,GOOGL,_NaiveModel,0.0,HOLD,0.00%,7.26%,N/D,Fallo,-,-,-,-,-,-,NEUTRO
2026-04-05,JNJ,_NaiveModel,0.0,HOLD,0.00%,-1.88%,N/D,Fallo,-,-,-,-,-,-,NEUTRO
2026-04-05,JPM,_NaiveModel,0.0,HOLD,0.00%,5.18%,N/D,Fallo,-,-,-,-,-,-,NEUTRO
2026-04-05,LLY,_NaiveModel,0.0,HOLD,0.00%,0.42%,N/D,Acierto,-,-,-,-,-,-,NEUTRO
2026-04-05,LMT,_NaiveModel,0.0,HOLD,0.00%,-1.46%,N/D,Fallo,-,-,-,-,-,-,NEUTRO
2026-04-05,MA,_NaiveModel,0.0,HOLD,0.00%,1.06%,N/D,Fallo,-,-,-,-,-,-,NEUTRO
2026-04-05,MCD,_NaiveModel,0.0,HOLD,0.00%,-0.48%,N/D,Acierto,-,-,-,-,-,-,NEUTRO
2026-04-05,META,_NaiveModel,0.0,HOLD,0.00%,9.64%,N/D,Fallo,-,-,-,-,-,-,NEUTRO
2026-04-05,MRK,_NaiveModel,0.0,HOLD,0.00%,0.46%,N/D,Acierto,-,-,-,-,-,-,NEUTRO
2026-04-05,MSFT,_NaiveModel,0.0,HOLD,0.00%,-0.69%,N/D,Acierto,-,-,-,-,-,-,NEUTRO
2026-04-05,NEE,_NaiveModel,0.0,HOLD,0.00%,1.00%,N/D,Acierto,-,-,-,-,-,-,NEUTRO
2026-04-05,NVDA,_NaiveModel,0.0,HOLD,0.00%,6.34%,N/D,Fallo,-,-,-,-,-,-,NEUTRO
2026-04-05,ORCL,_NaiveModel,0.0,HOLD,0.00%,-5.66%,N/D,Fallo,-,-,-,-,-,-,NEUTRO
2026-04-05,PG,_NaiveModel,0.0,HOLD,0.00%,1.43%,N/D,Fallo,-,-,-,-,-,-,NEUTRO
2026-04-05,PLTR,_NaiveModel,0.0,HOLD,0.00%,-13.74%,N/D,Fallo,-,-,-,-,-,-,NEUTRO
2026-04-05,TSLA,_NaiveModel,0.0,HOLD,0.00%,-3.23%,N/D,Fallo,-,-,-,-,-,-,NEUTRO
2026-04-05,TSM,_NaiveModel,0.0,HOLD,0.00%,9.31%,N/D,Fallo,-,-,-,-,-,-,NEUTRO
2026-04-05,UNH,_NaiveModel,0.0,HOLD,0.00%,9.76%,N/D,Fallo,-,-,-,-,-,-,NEUTRO
2026-04-05,V,_NaiveModel,0.0,HOLD,0.00%,1.18%,N/D,Fallo,-,-,-,-,-,-,NEUTRO
2026-04-05,WMT,_NaiveModel,0.0,HOLD,0.00%,0.78%,N/D,Acierto,-,-,-,-,-,-,NEUTRO
2026-04-05,XOM,_NaiveModel,0.0,HOLD,0.00%,-5.09%,N/D,Fallo,-,-,-,-,-,-,NEUTRO
2026-04-04,AAPL,_NaiveModel,0.0,HOLD,0.00%,1.79%,N/D,Fallo,-,-,-,-,-,-,NEUTRO
2026-04-04,AMD,_NaiveModel,0.0,HOLD,0.00%,8.80%,N/D,Fallo,-,-,-,-,-,-,NEUTRO
2026-04-04,AMZN,_NaiveModel,0.0,HOLD,0.00%,11.38%,N/D,Fallo,-,-,-,-,-,-,NEUTRO
2026-04-04,ASML,_NaiveModel,0.0,HOLD,0.00%,9.98%,N/D,Fallo,-,-,-,-,-,-,NEUTRO
2026-04-04,AVGO,_NaiveModel,0.0,HOLD,0.00%,12.83%,N/D,Fallo,-,-,-,-,-,-,NEUTRO
2026-04-04,BRK-B,_NaiveModel,0.0,HOLD,0.00%,1.64%,N/D,Fallo,-,-,-,-,-,-,NEUTRO
2026-04-04,CAT,_NaiveModel,0.0,HOLD,0.00%,9.74%,N/D,Fallo,-,-,-,-,-,-,NEUTRO
2026-04-04,COST,_NaiveModel,0.0,HOLD,0.00%,1.68%,N/D,Fallo,-,-,-,-,-,-,NEUTRO
2026-04-04,CRM,_NaiveModel,0.0,HOLD,0.00%,-8.72%,N/D,Fallo,-,-,-,-,-,-,NEUTRO
2026-04-04,GOOGL,_NaiveModel,0.0,HOLD,0.00%,7.68%,N/D,Fallo,-,-,-,-,-,-,NEUTRO
2026-04-04,JNJ,_NaiveModel,0.0,HOLD,0.00%,-0.71%,N/D,Acierto,-,-,-,-,-,-,NEUTRO
2026-04-04,JPM,_NaiveModel,0.0,HOLD,0.00%,5.34%,N/D,Fallo,-,-,-,-,-,-,NEUTRO
2026-04-04,LLY,_NaiveModel,0.0,HOLD,0.00%,2.10%,N/D,Fallo,-,-,-,-,-,-,NEUTRO
2026-04-04,LMT,_NaiveModel,0.0,HOLD,0.00%,0.17%,N/D,Acierto,-,-,-,-,-,-,NEUTRO
2026-04-04,MA,_NaiveModel,0.0,HOLD,0.00%,2.05%,N/D,Fallo,-,-,-,-,-,-,NEUTRO
2026-04-04,MCD,_NaiveModel,0.0,HOLD,0.00%,0.78%,N/D,Acierto,-,-,-,-,-,-,NEUTRO
2026-04-04,META,_NaiveModel,0.0,HOLD,0.00%,9.39%,N/D,Fallo,-,-,-,-,-,-,NEUTRO
2026-04-04,MRK,_NaiveModel,0.0,HOLD,0.00%,1.50%,N/D,Fallo,-,-,-,-,-,-,NEUTRO
2026-04-04,MSFT,_NaiveModel,0.0,HOLD,0.00%,-0.10%,N/D,Acierto,-,-,-,-,-,-,NEUTRO
2026-04-04,NEE,_NaiveModel,0.0,HOLD,0.00%,1.43%,N/D,Fallo,-,-,-,-,-,-,NEUTRO
2026-04-04,NVDA,_NaiveModel,0.0,HOLD,0.00%,3.68%,N/D,Fallo,-,-,-,-,-,-,NEUTRO
2026-04-04,ORCL,_NaiveModel,0.0,HOLD,0.00%,-5.82%,N/D,Fallo,-,-,-,-,-,-,NEUTRO
2026-04-04,PG,_NaiveModel,0.0,HOLD,0.00%,2.47%,N/D,Fallo,-,-,-,-,-,-,NEUTRO
2026-04-04,PLTR,_NaiveModel,0.0,HOLD,0.00%,-12.10%,N/D,Fallo,-,-,-,-,-,-,NEUTRO
2026-04-04,TSLA,_NaiveModel,0.0,HOLD,0.00%,-4.15%,N/D,Fallo,-,-,-,-,-,-,NEUTRO
2026-04-04,TSM,_NaiveModel,0.0,HOLD,0.00%,7.80%,N/D,Fallo,-,-,-,-,-,-,NEUTRO
2026-04-04,UNH,_NaiveModel,0.0,HOLD,0.00%,10.69%,N/D,Fallo,-,-,-,-,-,-,NEUTRO
2026-04-04,V,_NaiveModel,0.0,HOLD,0.00%,2.49%,N/D,Fallo,-,-,-,-,-,-,NEUTRO
2026-04-04,WMT,_NaiveModel,0.0,HOLD,0.00%,2.66%,N/D,Fallo,-,-,-,-,-,-,NEUTRO
2026-04-04,XOM,_NaiveModel,0.0,HOLD,0.00%,-3.52%,N/D,Fallo,-,-,-,-,-,-,NEUTRO
2026-04-03,AAPL,_NaiveModel,0.0,HOLD,0.00%,-0.95%,N/D,Acierto,-,-,-,-,-,-,NEUTRO
2026-04-03,AMD,_NaiveModel,0.0,HOLD,0.00%,1.85%,N/D,Fallo,-,-,-,-,-,-,NEUTRO
2026-04-03,AMZN,_NaiveModel,0.0,HOLD,0.00%,1.91%,N/D,Fallo,-,-,-,-,-,-,NEUTRO
2026-04-03,ASML,_NaiveModel,0.0,HOLD,0.00%,-0.82%,N/D,Acierto,-,-,-,-,-,-,NEUTRO
2026-04-03,AVGO,_NaiveModel,0.0,HOLD,0.00%,6.17%,N/D,Fallo,-,-,-,-,-,-,NEUTRO
2026-04-03,BRK-B,_NaiveModel,0.0,HOLD,0.00%,0.15%,N/D,Acierto,-,-,-,-,-,-,NEUTRO
2026-04-03,CAT,_NaiveModel,0.0,HOLD,0.00%,1.01%,N/D,Fallo,-,-,-,-,-,-,NEUTRO
2026-04-03,COST,_NaiveModel,0.0,HOLD,0.00%,-0.17%,N/D,Acierto,-,-,-,-,-,-,NEUTRO
2026-04-03,CRM,_NaiveModel,0.0,HOLD,0.00%,-2.25%,N/D,Fallo,-,-,-,-,-,-,NEUTRO
2026-04-03,GOOGL,_NaiveModel,0.0,HOLD,0.00%,3.28%,N/D,Fallo,-,-,-,-,-,-,NEUTRO
2026-04-03,JNJ,_NaiveModel,0.0,HOLD,0.00%,-1.91%,N/D,Fallo,-,-,-,-,-,-,NEUTRO
2026-04-03,JPM,_NaiveModel,0.0,HOLD,0.00%,0.95%,N/D,Acierto,-,-,-,-,-,-,NEUTRO
2026-04-03,LLY,_NaiveModel,0.0,HOLD,0.00%,-0.48%,N/D,Acierto,-,-,-,-,-,-,NEUTRO
2026-04-03,LMT,_NaiveModel,0.0,HOLD,0.00%,0.79%,N/D,Acierto,-,-,-,-,-,-,NEUTRO
2026-04-03,MA,_NaiveModel,0.0,HOLD,0.00%,0.98%,N/D,Acierto,-,-,-,-,-,-,NEUTRO
2026-04-03,MCD,_NaiveModel,0.0,HOLD,0.00%,-0.75%,N/D,Acierto,-,-,-,-,-,-,NEUTRO
2026-04-03,META,_NaiveModel,0.0,HOLD,0.00%,0.10%,N/D,Acierto,-,-,-,-,-,-,NEUTRO
2026-04-03,MRK,_NaiveModel,0.0,HOLD,0.00%,-1.32%,N/D,Fallo,-,-,-,-,-,-,NEUTRO
2026-04-03,MSFT,_NaiveModel,0.0,HOLD,0.00%,-0.31%,N/D,Acierto,-,-,-,-,-,-,NEUTRO
2026-04-03,NEE,_NaiveModel,0.0,HOLD,0.00%,0.56%,N/D,Acierto,-,-,-,-,-,-,NEUTRO
2026-04-03,NVDA,_NaiveModel,0.0,HOLD,0.00%,0.40%,N/D,Acierto,-,-,-,-,-,-,NEUTRO
2026-04-03,ORCL,_NaiveModel,0.0,HOLD,0.00%,-2.19%,N/D,Fallo,-,-,-,-,-,-,NEUTRO
2026-04-03,PG,_NaiveModel,0.0,HOLD,0.00%,-1.27%,N/D,Fallo,-,-,-,-,-,-,NEUTRO
2026-04-03,PLTR,_NaiveModel,0.0,HOLD,0.00%,1.08%,N/D,Fallo,-,-,-,-,-,-,NEUTRO
2026-04-03,TSLA,_NaiveModel,0.0,HOLD,0.00%,-3.87%,N/D,Fallo,-,-,-,-,-,-,NEUTRO
2026-04-03,TSM,_NaiveModel,0.0,HOLD,0.00%,1.85%,N/D,Fallo,-,-,-,-,-,-,NEUTRO
2026-04-03,UNH,_NaiveModel,0.0,HOLD,0.00%,10.99%,N/D,Fallo,-,-,-,-,-,-,NEUTRO
2026-04-03,V,_NaiveModel,0.0,HOLD,0.00%,0.58%,N/D,Acierto,-,-,-,-,-,-,NEUTRO
2026-04-03,WMT,_NaiveModel,0.0,HOLD,0.00%,-2.62%,N/D,Fallo,-,-,-,-,-,-,NEUTRO
2026-04-03,XOM,_NaiveModel,0.0,HOLD,0.00%,2.00%,N/D,Fallo,-,-,-,-,-,-,NEUTRO
2026-04-02,AAPL,_NaiveModel,0.0,HOLD,0.11%,1.26%,N/D,Fallo,-,-,-,-,-,-,NEUTRO
2026-04-02,AMD,_NaiveModel,0.0,HOLD,3.47%,4.74%,N/D,Fallo,-,-,-,-,-,-,NEUTRO
2026-04-02,AMZN,_NaiveModel,0.0,HOLD,-0.38%,1.05%,N/D,Fallo,-,-,-,-,-,-,NEUTRO
2026-04-02,ASML,_NaiveModel,0.0,HOLD,-3.13%,-4.10%,N/D,Fallo,-,-,-,-,-,-,NEUTRO
2026-04-02,AVGO,_NaiveModel,0.0,HOLD,0.34%,0.30%,N/D,Acierto,-,-,-,-,-,-,NEUTRO
2026-04-02,BRK-B,_NaiveModel,0.0,HOLD,-0.24%,-0.44%,N/D,Acierto,-,-,-,-,-,-,NEUTRO
2026-04-02,CAT,_NaiveModel,0.0,HOLD,-1.79%,-1.24%,N/D,Fallo,-,-,-,-,-,-,NEUTRO
2026-04-02,COST,_NaiveModel,0.0,HOLD,1.85%,2.21%,N/D,Fallo,-,-,-,-,-,-,NEUTRO
2026-04-02,CRM,_NaiveModel,0.0,HOLD,0.50%,-0.65%,N/D,Acierto,-,-,-,-,-,-,NEUTRO
2026-04-02,GOOGL,_NaiveModel,0.0,HOLD,-0.54%,0.87%,N/D,Acierto,-,-,-,-,-,-,NEUTRO
2026-04-02,JNJ,_NaiveModel,0.0,HOLD,-0.44%,-1.29%,N/D,Fallo,-,-,-,-,-,-,NEUTRO
2026-04-02,JPM,_NaiveModel,0.0,HOLD,-0.26%,0.02%,N/D,Acierto,-,-,-,-,-,-,NEUTRO
2026-04-02,LLY,_NaiveModel,0.0,HOLD,-1.98%,-2.88%,N/D,Fallo,-,-,-,-,-,-,NEUTRO
2026-04-02,LMT,_NaiveModel,0.0,HOLD,0.83%,3.28%,N/D,Fallo,-,-,-,-,-,-,NEUTRO
2026-04-02,MA,_NaiveModel,0.0,HOLD,0.36%,2.00%,N/D,Fallo,-,-,-,-,-,-,NEUTRO
2026-04-02,MCD,_NaiveModel,0.0,HOLD,-0.05%,0.80%,N/D,Acierto,-,-,-,-,-,-,NEUTRO
2026-04-02,META,_NaiveModel,0.0,HOLD,-0.82%,-1.07%,N/D,Fallo,-,-,-,-,-,-,NEUTRO
2026-04-02,MRK,_NaiveModel,0.0,HOLD,0.02%,0.01%,N/D,Acierto,-,-,-,-,-,-,NEUTRO
2026-04-02,MSFT,_NaiveModel,0.0,HOLD,1.11%,0.95%,N/D,Acierto,-,-,-,-,-,-,NEUTRO
2026-04-02,NEE,_NaiveModel,0.0,HOLD,0.32%,-0.13%,N/D,Acierto,-,-,-,-,-,-,NEUTRO
2026-04-02,NVDA,_NaiveModel,0.0,HOLD,0.93%,1.08%,N/D,Fallo,-,-,-,-,-,-,NEUTRO
2026-04-02,ORCL,_NaiveModel,0.0,HOLD,0.79%,0.21%,N/D,Acierto,-,-,-,-,-,-,NEUTRO
2026-04-02,PG,_NaiveModel,0.0,HOLD,-0.67%,-0.92%,N/D,Acierto,-,-,-,-,-,-,NEUTRO
2026-04-02,PLTR,_NaiveModel,0.0,HOLD,1.34%,0.98%,N/D,Acierto,-,-,-,-,-,-,NEUTRO
2026-04-02,TSLA,_NaiveModel,0.0,HOLD,-5.42%,-7.46%,N/D,Fallo,-,-,-,-,-,-,NEUTRO
2026-04-02,TSM,_NaiveModel,0.0,HOLD,-0.72%,0.08%,N/D,Acierto,-,-,-,-,-,-,NEUTRO
2026-04-02,UNH,_NaiveModel,0.0,HOLD,1.20%,2.69%,N/D,Fallo,-,-,-,-,-,-,NEUTRO
2026-04-02,V,_NaiveModel,0.0,HOLD,0.77%,1.61%,N/D,Fallo,-,-,-,-,-,-,NEUTRO
2026-04-02,WMT,_NaiveModel,0.0,HOLD,0.84%,1.64%,N/D,Fallo,-,-,-,-,-,-,NEUTRO
2026-04-02,XOM,_NaiveModel,0.0,HOLD,-0.06%,1.61%,N/D,Fallo,-,-,-,-,-,-,NEUTRO
2026-04-01,AAPL,_NaiveModel,0.0,HOLD,0.73%,0.84%,4.88%,Acierto,-,-,-,-,-,-,NEUTRO
2026-04-01,AMD,_NaiveModel,0.0,HOLD,3.33%,6.92%,39.85%,Fallo,-,-,-,-,-,-,NEUTRO
2026-04-01,AMZN,_NaiveModel,0.0,HOLD,1.10%,0.72%,19.99%,Acierto,-,-,-,-,-,-,NEUTRO
2026-04-01,ASML,_NaiveModel,0.0,HOLD,2.95%,-0.27%,10.46%,Acierto,-,-,-,-,-,-,NEUTRO
2026-04-01,AVGO,_NaiveModel,0.0,HOLD,1.29%,1.63%,29.94%,Fallo,-,-,-,-,-,-,NEUTRO
2026-04-01,BRK-B,_NaiveModel,0.0,HOLD,-0.15%,-0.39%,-2.23%,Acierto,-,-,-,-,-,-,NEUTRO
2026-04-01,CAT,_NaiveModel,0.0,HOLD,3.09%,1.24%,12.98%,Fallo,-,-,-,-,-,-,NEUTRO
2026-04-01,COST,_NaiveModel,0.0,HOLD,0.01%,1.86%,0.94%,Fallo,-,-,-,-,-,-,NEUTRO
2026-04-01,CRM,_NaiveModel,0.0,HOLD,-0.23%,0.27%,0.24%,Acierto,-,-,-,-,-,-,NEUTRO
2026-04-01,GOOGL,_NaiveModel,0.0,HOLD,3.42%,2.86%,15.56%,Fallo,-,-,-,-,-,-,NEUTRO
2026-04-01,JNJ,_NaiveModel,0.0,HOLD,-0.13%,-0.57%,-7.48%,Acierto,-,-,-,-,-,-,NEUTRO
2026-04-01,JPM,_NaiveModel,0.0,HOLD,0.41%,0.15%,6.40%,Acierto,-,-,-,-,-,-,NEUTRO
2026-04-01,LLY,_NaiveModel,0.0,HOLD,3.78%,1.72%,-1.82%,Fallo,-,-,-,-,-,-,NEUTRO
2026-04-01,LMT,_NaiveModel,0.0,HOLD,2.19%,3.04%,-5.37%,Fallo,-,-,-,-,-,-,NEUTRO
2026-04-01,MA,_NaiveModel,0.0,HOLD,-1.60%,-1.24%,2.34%,Fallo,-,-,-,-,-,-,NEUTRO
2026-04-01,MCD,_NaiveModel,0.0,HOLD,-1.13%,-1.17%,-2.88%,Fallo,-,-,-,-,-,-,NEUTRO
2026-04-01,META,_NaiveModel,0.0,HOLD,1.24%,0.41%,16.90%,Acierto,-,-,-,-,-,-,NEUTRO
2026-04-01,MRK,_NaiveModel,0.0,HOLD,0.46%,0.48%,-6.43%,Acierto,-,-,-,-,-,-,NEUTRO
2026-04-01,MSFT,_NaiveModel,0.0,HOLD,-0.22%,0.89%,14.59%,Acierto,-,-,-,-,-,-,NEUTRO
2026-04-01,NEE,_NaiveModel,0.0,HOLD,-0.03%,0.29%,-2.45%,Acierto,-,-,-,-,-,-,NEUTRO
2026-04-01,NVDA,_NaiveModel,0.0,HOLD,0.77%,1.71%,14.61%,Fallo,-,-,-,-,-,-,NEUTRO
2026-04-01,ORCL,_NaiveModel,0.0,HOLD,-1.28%,-0.50%,23.15%,Acierto,-,-,-,-,-,-,NEUTRO
2026-04-01,PG,_NaiveModel,0.0,HOLD,-0.24%,-0.91%,-1.47%,Acierto,-,-,-,-,-,-,NEUTRO
2026-04-01,PLTR,_NaiveModel,0.0,HOLD,0.14%,1.49%,-0.21%,Fallo,-,-,-,-,-,-,NEUTRO
2026-04-01,TSLA,_NaiveModel,0.0,HOLD,2.56%,-3.00%,3.95%,Fallo,-,-,-,-,-,-,NEUTRO
2026-04-01,TSM,_NaiveModel,0.0,HOLD,1.05%,0.32%,8.92%,Acierto,-,-,-,-,-,-,NEUTRO
2026-04-01,UNH,_NaiveModel,0.0,HOLD,1.25%,2.46%,27.87%,Fallo,-,-,-,-,-,-,NEUTRO
2026-04-01,V,_NaiveModel,0.0,HOLD,-1.23%,-0.48%,2.55%,Acierto,-,-,-,-,-,-,NEUTRO
2026-04-01,WMT,_NaiveModel,0.0,HOLD,0.37%,1.22%,4.28%,Fallo,-,-,-,-,-,-,NEUTRO
2026-04-01,XOM,_NaiveModel,0.0,HOLD,-5.23%,-5.29%,-12.55%,Fallo,-,-,-,-,-,-,NEUTRO
2026-03-31,AMD,ARIMAModel,4.1,BUY,3.77%,10.95%,40.25%,Acierto,SUBE,SUBE,-,SUBE,SUBE,SUBE,-
2026-03-31,ASML,ARIMAModel,4.1,BUY,5.33%,5.05%,17.75%,Acierto,SUBE,SUBE,-,SUBE,SUBE,SUBE,-
2026-03-31,AVGO,ARIMAModel,4.1,BUY,5.49%,7.20%,36.20%,Acierto,SUBE,SUBE,-,SUBE,SUBE,SUBE,-
2026-03-31,BRK-B,ARIMAModel,4.1,BUY,0.96%,0.57%,-0.54%,Acierto,SUBE,SUBE,-,SUBE,SUBE,BAJA,-
2026-03-31,GOOGL,ARIMAModel,4.1,BUY,5.14%,8.14%,23.37%,Acierto,SUBE,SUBE,-,SUBE,SUBE,SUBE,-
2026-03-31,META,ARIMAModel,4.1,BUY,6.67%,7.10%,25.08%,Acierto,SUBE,SUBE,-,SUBE,SUBE,SUBE,-
2026-03-31,MSFT,ARIMAModel,4.1,BUY,3.12%,4.04%,16.47%,Acierto,SUBE,SUBE,-,SUBE,SUBE,SUBE,-
2026-03-31,NVDA,ARIMAModel,4.1,BUY,5.59%,7.40%,22.33%,Acierto,SUBE,SUBE,-,SUBE,SUBE,SUBE,-
2026-03-31,PLTR,ARIMAModel,4.1,BUY,6.35%,7.93%,6.06%,Acierto,SUBE,SUBE,-,SUBE,SUBE,SUBE,-
2026-03-31,UNH,ARIMAModel,4.1,BUY,3.36%,5.91%,23.56%,Acierto,SUBE,SUBE,-,SUBE,SUBE,SUBE,-
2026-03-31,ORCL,ARIMAModel,2.1,HOLD,5.99%,5.46%,27.94%,Fallo,SUBE,SUBE,-,SUBE,BAJA,BAJA,-
2026-03-31,CAT,ARIMAModel,1.9,HOLD,6.15%,7.46%,19.62%,Fallo,SUBE,SUBE,-,BAJA,SUBE,BAJA,-
2026-03-31,JPM,ARIMAModel,1.9,HOLD,3.66%,3.82%,11.71%,Fallo,SUBE,SUBE,-,BAJA,SUBE,BAJA,-
2026-03-31,LLY,ARIMAModel,1.9,HOLD,3.74%,5.52%,3.75%,Fallo,SUBE,BAJA,-,SUBE,SUBE,SUBE,-
2026-03-31,CRM,ARIMAModel,1.7,HOLD,0.89%,1.16%,0.67%,Fallo,BAJA,SUBE,-,SUBE,SUBE,SUBE,-
2026-03-31,MA,ARIMAModel,1.7,HOLD,1.15%,-0.11%,4.59%,Acierto,BAJA,SUBE,-,SUBE,SUBE,SUBE,-
2026-03-31,V,ARIMAModel,1.7,HOLD,0.90%,0.42%,4.81%,Acierto,BAJA,SUBE,-,SUBE,SUBE,SUBE,-
2026-03-31,JNJ,ARIMAModel,0.3,HOLD,0.80%,0.23%,-4.87%,Acierto,SUBE,BAJA,-,BAJA,SUBE,BAJA,-
2026-03-31,PG,ARIMAModel,-0.3,HOLD,-0.19%,-1.11%,-0.16%,Fallo,BAJA,SUBE,-,SUBE,BAJA,SUBE,-
2026-03-31,TSM,ARIMAModel,-0.5,HOLD,6.78%,7.12%,15.72%,Fallo,BAJA,SUBE,-,BAJA,SUBE,SUBE,-
2026-03-31,COST,ARIMAModel,-1.7,HOLD,-0.02%,1.84%,0.13%,Fallo,SUBE,BAJA,-,BAJA,BAJA,BAJA,-
2026-03-31,MRK,ARIMAModel,-1.7,HOLD,1.85%,2.35%,-0.85%,Fallo,SUBE,BAJA,-,BAJA,BAJA,BAJA,-
2026-03-31,NEE,ARIMAModel,-1.7,HOLD,0.90%,1.20%,-0.04%,Fallo,SUBE,BAJA,-,BAJA,BAJA,BAJA,-
2026-03-31,TSLA,ARIMAModel,-1.7,HOLD,4.64%,1.49%,10.48%,Fallo,SUBE,BAJA,-,BAJA,BAJA,BAJA,-
2026-03-31,WMT,ARIMAModel,-1.7,HOLD,0.63%,1.85%,3.58%,Fallo,SUBE,BAJA,-,BAJA,BAJA,BAJA,-
2026-03-31,XOM,ARIMAModel,-1.7,HOLD,-1.06%,-6.29%,-13.87%,Fallo,SUBE,BAJA,-,BAJA,BAJA,BAJA,-
2026-03-31,LMT,ARIMAModel,-2.1,SELL,0.97%,4.05%,-2.89%,Fallo,BAJA,BAJA,-,BAJA,SUBE,BAJA,-
2026-03-31,AAPL,ARIMAModel,-4.1,SELL,2.90%,3.77%,10.71%,Fallo,BAJA,BAJA,-,BAJA,BAJA,BAJA,-
2026-03-31,AMZN,ARIMAModel,-4.1,SELL,3.64%,4.39%,23.55%,Fallo,BAJA,BAJA,-,BAJA,SUBE,BAJA,-
2026-03-31,MCD,ARIMAModel,-4.1,SELL,0.73%,-0.45%,-0.52%,Acierto,BAJA,BAJA,-,BAJA,BAJA,BAJA,-
2026-03-30,AMD,ARIMAModel,4.1,BUY,-2.95%,7.68%,37.82%,Acierto,SUBE,BAJA,-,SUBE,SUBE,SUBE,-
2026-03-30,ASML,ARIMAModel,4.1,BUY,-3.72%,1.13%,12.08%,Acierto,SUBE,SUBE,-,SUBE,SUBE,SUBE,-
2026-03-30,AVGO,ARIMAModel,4.1,BUY,-2.42%,4.61%,35.21%,Acierto,SUBE,SUBE,-,SUBE,SUBE,SUBE,-
2026-03-30,BRK-B,ARIMAModel,4.1,BUY,1.32%,1.89%,1.30%,Acierto,SUBE,SUBE,-,SUBE,SUBE,SUBE,-
2026-03-30,GOOGL,ARIMAModel,4.1,BUY,-0.31%,7.81%,24.55%,Acierto,SUBE,SUBE,-,SUBE,SUBE,SUBE,-
2026-03-30,JNJ,ARIMAModel,4.1,BUY,0.85%,1.08%,-2.61%,Acierto,SUBE,BAJA,-,BAJA,SUBE,SUBE,-
2026-03-30,JPM,ARIMAModel,4.1,BUY,0.33%,4.16%,9.71%,Acierto,SUBE,BAJA,-,SUBE,SUBE,BAJA,-
2026-03-30,META,ARIMAModel,4.1,BUY,2.03%,9.27%,30.97%,Acierto,SUBE,SUBE,-,SUBE,SUBE,SUBE,-
2026-03-30,MSFT,ARIMAModel,4.1,BUY,0.61%,4.68%,18.50%,Acierto,SUBE,SUBE,-,SUBE,SUBE,SUBE,-
2026-03-30,NVDA,ARIMAModel,4.1,BUY,-1.40%,5.89%,20.39%,Acierto,SUBE,BAJA,-,SUBE,SUBE,SUBE,-
2026-03-30,PLTR,ARIMAModel,4.1,BUY,-3.85%,3.77%,2.33%,Acierto,SUBE,SUBE,-,SUBE,SUBE,SUBE,-
2026-03-30,UNH,ARIMAModel,4.1,BUY,1.07%,7.04%,25.33%,Acierto,SUBE,SUBE,-,SUBE,SUBE,SUBE,-
2026-03-30,ORCL,ARIMAModel,2.1,HOLD,-0.62%,4.81%,25.35%,Fallo,SUBE,SUBE,-,SUBE,BAJA,SUBE,-
2026-03-30,LLY,ARIMAModel,1.9,HOLD,0.96%,6.53%,5.56%,Fallo,SUBE,BAJA,-,BAJA,SUBE,SUBE,-
2026-03-30,CRM,ARIMAModel,1.7,HOLD,3.19%,4.39%,1.58%,Fallo,BAJA,SUBE,-,SUBE,SUBE,SUBE,-
2026-03-30,MA,ARIMAModel,1.7,HOLD,2.02%,1.90%,7.65%,Fallo,BAJA,SUBE,-,SUBE,SUBE,SUBE,-
2026-03-30,PG,ARIMAModel,1.7,HOLD,1.41%,0.29%,2.96%,Acierto,BAJA,SUBE,-,SUBE,BAJA,SUBE,-
2026-03-30,V,ARIMAModel,1.7,HOLD,1.36%,1.79%,7.28%,Fallo,BAJA,SUBE,-,SUBE,SUBE,SUBE,-
2026-03-30,CAT,ARIMAModel,-0.1,HOLD,-4.02%,3.14%,14.27%,Fallo,SUBE,SUBE,-,BAJA,SUBE,BAJA,-
2026-03-30,COST,ARIMAModel,-1.7,HOLD,1.29%,3.16%,1.63%,Fallo,SUBE,BAJA,-,BAJA,BAJA,BAJA,-
2026-03-30,MRK,ARIMAModel,-1.7,HOLD,-1.28%,1.04%,-0.47%,Fallo,SUBE,BAJA,-,BAJA,BAJA,BAJA,-
2026-03-30,NEE,ARIMAModel,-1.7,HOLD,0.71%,1.91%,0.63%,Fallo,SUBE,BAJA,-,BAJA,BAJA,BAJA,-
2026-03-30,TSLA,ARIMAModel,-1.7,HOLD,-1.81%,-0.34%,10.72%,Acierto,SUBE,BAJA,-,BAJA,BAJA,BAJA,-
2026-03-30,WMT,ARIMAModel,-1.7,HOLD,0.50%,2.36%,3.75%,Fallo,SUBE,BAJA,-,BAJA,BAJA,BAJA,-
2026-03-30,XOM,ARIMAModel,-1.7,HOLD,0.28%,-6.02%,-14.36%,Fallo,SUBE,BAJA,-,BAJA,BAJA,BAJA,-
2026-03-30,LMT,ARIMAModel,-2.1,SELL,-2.80%,1.13%,-3.84%,Fallo,BAJA,BAJA,-,BAJA,SUBE,BAJA,-
2026-03-30,AAPL,ARIMAModel,-4.1,SELL,-0.87%,2.86%,8.61%,Fallo,BAJA,BAJA,-,BAJA,BAJA,BAJA,-
2026-03-30,AMZN,ARIMAModel,-4.1,SELL,0.81%,5.23%,25.69%,Fallo,BAJA,SUBE,-,BAJA,BAJA,BAJA,-
2026-03-30,MCD,ARIMAModel,-4.1,SELL,0.86%,0.41%,1.78%,Fallo,BAJA,BAJA,-,BAJA,BAJA,BAJA,-
2026-03-30,TSM,ARIMAModel,-4.1,SELL,-3.13%,3.76%,13.39%,Fallo,BAJA,BAJA,-,BAJA,BAJA,SUBE,-
2026-03-29,AMD,ARIMAModel,4.1,BUY,0.00%,7.68%,37.82%,Acierto,SUBE,BAJA,-,SUBE,SUBE,SUBE,-
2026-03-29,ASML,ARIMAModel,4.1,BUY,0.00%,1.13%,12.08%,Acierto,SUBE,SUBE,-,SUBE,SUBE,SUBE,-
2026-03-29,AVGO,ARIMAModel,4.1,BUY,0.00%,4.61%,35.21%,Acierto,SUBE,SUBE,-,SUBE,SUBE,SUBE,-
2026-03-29,BRK-B,ARIMAModel,4.1,BUY,0.00%,1.89%,1.30%,Acierto,SUBE,SUBE,-,SUBE,SUBE,SUBE,-
2026-03-29,GOOGL,ARIMAModel,4.1,BUY,0.00%,7.81%,24.55%,Acierto,SUBE,SUBE,-,SUBE,SUBE,SUBE,-
2026-03-29,JPM,ARIMAModel,4.1,BUY,0.00%,4.16%,9.71%,Acierto,SUBE,BAJA,-,SUBE,SUBE,BAJA,-
2026-03-29,META,ARIMAModel,4.1,BUY,0.00%,9.27%,30.97%,Acierto,SUBE,SUBE,-,SUBE,SUBE,SUBE,-
2026-03-29,MSFT,ARIMAModel,4.1,BUY,0.00%,4.68%,18.50%,Acierto,SUBE,SUBE,-,SUBE,SUBE,SUBE,-
2026-03-29,NVDA,ARIMAModel,4.1,BUY,0.00%,5.89%,20.39%,Acierto,SUBE,BAJA,-,SUBE,SUBE,SUBE,-
2026-03-29,PLTR,ARIMAModel,4.1,BUY,0.00%,3.77%,2.33%,Acierto,SUBE,SUBE,-,SUBE,SUBE,SUBE,-
2026-03-29,UNH,ARIMAModel,4.1,BUY,0.00%,7.04%,25.33%,Acierto,SUBE,SUBE,-,SUBE,SUBE,SUBE,-
2026-03-29,JNJ,ARIMAModel,2.5,HOLD,0.00%,1.08%,-2.61%,Fallo,SUBE,BAJA,-,BAJA,SUBE,BAJA,-
2026-03-29,ORCL,ARIMAModel,2.1,HOLD,0.00%,4.81%,25.35%,Fallo,SUBE,SUBE,-,SUBE,BAJA,SUBE,-
2026-03-29,CRM,ARIMAModel,1.7,HOLD,0.00%,4.39%,1.58%,Fallo,BAJA,SUBE,-,SUBE,SUBE,SUBE,-
2026-03-29,MA,ARIMAModel,1.7,HOLD,0.00%,1.90%,7.65%,Fallo,BAJA,SUBE,-,SUBE,SUBE,SUBE,-
2026-03-29,PG,ARIMAModel,1.7,HOLD,0.00%,0.29%,2.96%,Acierto,BAJA,SUBE,-,SUBE,BAJA,SUBE,-
2026-03-29,V,ARIMAModel,1.7,HOLD,0.00%,1.79%,7.28%,Fallo,BAJA,SUBE,-,SUBE,SUBE,SUBE,-
2026-03-29,LLY,ARIMAModel,0.3,HOLD,0.00%,6.53%,5.56%,Fallo,SUBE,BAJA,-,BAJA,SUBE,BAJA,-
2026-03-29,CAT,ARIMAModel,-0.1,HOLD,0.00%,3.14%,14.27%,Fallo,SUBE,SUBE,-,BAJA,SUBE,BAJA,-
2026-03-29,COST,ARIMAModel,-1.7,HOLD,0.00%,3.16%,1.63%,Fallo,SUBE,BAJA,-,BAJA,BAJA,BAJA,-
2026-03-29,MRK,ARIMAModel,-1.7,HOLD,0.00%,1.04%,-0.47%,Fallo,SUBE,BAJA,-,BAJA,BAJA,BAJA,-
2026-03-29,NEE,ARIMAModel,-1.7,HOLD,0.00%,1.91%,0.63%,Fallo,SUBE,BAJA,-,BAJA,BAJA,BAJA,-
2026-03-29,TSLA,ARIMAModel,-1.7,HOLD,0.00%,-0.34%,10.72%,Acierto,SUBE,BAJA,-,BAJA,BAJA,BAJA,-
2026-03-29,WMT,ARIMAModel,-1.7,HOLD,0.00%,2.36%,3.75%,Fallo,SUBE,BAJA,-,BAJA,BAJA,BAJA,-
2026-03-29,XOM,ARIMAModel,-1.7,HOLD,0.00%,-6.02%,-14.36%,Fallo,SUBE,BAJA,-,BAJA,BAJA,BAJA,-
2026-03-29,AMZN,ARIMAModel,-1.9,SELL,0.00%,5.23%,25.69%,Fallo,BAJA,SUBE,-,BAJA,BAJA,BAJA,-
2026-03-29,LMT,ARIMAModel,-2.1,SELL,0.00%,1.13%,-3.84%,Fallo,BAJA,BAJA,-,BAJA,SUBE,BAJA,-
2026-03-29,AAPL,ARIMAModel,-4.1,SELL,0.00%,2.86%,8.61%,Fallo,BAJA,BAJA,-,BAJA,BAJA,BAJA,-
2026-03-29,MCD,ARIMAModel,-4.1,SELL,0.00%,0.41%,1.78%,Fallo,BAJA,BAJA,-,BAJA,BAJA,BAJA,-
2026-03-29,TSM,ARIMAModel,-4.1,SELL,0.00%,3.76%,13.39%,Fallo,BAJA,BAJA,-,BAJA,BAJA,BAJA,-
2026-03-28,AMD,ARIMAModel,4.1,BUY,0.00%,4.07%,37.82%,Acierto,SUBE,BAJA,-,SUBE,SUBE,SUBE,-
2026-03-28,ASML,ARIMAModel,4.1,BUY,0.00%,4.40%,12.08%,Acierto,SUBE,SUBE,-,SUBE,SUBE,SUBE,-
2026-03-28,AVGO,ARIMAModel,4.1,BUY,0.00%,4.26%,35.21%,Acierto,SUBE,SUBE,-,SUBE,SUBE,SUBE,-
2026-03-28,BRK-B,ARIMAModel,4.1,BUY,0.00%,2.14%,1.30%,Acierto,SUBE,SUBE,-,SUBE,SUBE,SUBE,-
2026-03-28,GOOGL,ARIMAModel,4.1,BUY,0.00%,8.40%,24.55%,Acierto,SUBE,SUBE,-,SUBE,SUBE,SUBE,-
2026-03-28,JPM,ARIMAModel,4.1,BUY,0.00%,4.43%,9.71%,Acierto,SUBE,BAJA,-,SUBE,SUBE,BAJA,-
2026-03-28,META,ARIMAModel,4.1,BUY,0.00%,10.18%,30.97%,Acierto,SUBE,SUBE,-,SUBE,SUBE,SUBE,-
2026-03-28,MSFT,ARIMAModel,4.1,BUY,0.00%,3.53%,18.50%,Acierto,SUBE,SUBE,-,SUBE,SUBE,SUBE,-
2026-03-28,NVDA,ARIMAModel,4.1,BUY,0.00%,4.91%,20.39%,Acierto,SUBE,BAJA,-,SUBE,SUBE,SUBE,-
2026-03-28,PLTR,ARIMAModel,4.1,BUY,0.00%,2.40%,2.33%,Acierto,SUBE,SUBE,-,SUBE,SUBE,SUBE,-
2026-03-28,UNH,ARIMAModel,4.1,BUY,0.00%,5.78%,25.33%,Acierto,SUBE,SUBE,-,SUBE,SUBE,SUBE,-
2026-03-28,JNJ,ARIMAModel,2.5,HOLD,0.00%,1.53%,-2.61%,Fallo,SUBE,BAJA,-,BAJA,SUBE,BAJA,-
2026-03-28,ORCL,ARIMAModel,2.1,HOLD,0.00%,3.99%,25.35%,Fallo,SUBE,SUBE,-,SUBE,BAJA,SUBE,-
2026-03-28,CRM,ARIMAModel,1.7,HOLD,0.00%,3.86%,1.58%,Fallo,BAJA,SUBE,-,SUBE,SUBE,SUBE,-
2026-03-28,MA,ARIMAModel,1.7,HOLD,0.00%,1.53%,7.65%,Fallo,BAJA,SUBE,-,SUBE,SUBE,SUBE,-
2026-03-28,PG,ARIMAModel,1.7,HOLD,0.00%,0.97%,2.96%,Acierto,BAJA,SUBE,-,SUBE,BAJA,SUBE,-
2026-03-28,V,ARIMAModel,1.7,HOLD,0.00%,1.01%,7.28%,Fallo,BAJA,SUBE,-,SUBE,SUBE,SUBE,-
2026-03-28,LLY,ARIMAModel,0.3,HOLD,0.00%,8.69%,5.56%,Fallo,SUBE,BAJA,-,BAJA,SUBE,BAJA,-
2026-03-28,CAT,ARIMAModel,-0.1,HOLD,0.00%,5.02%,14.27%,Fallo,SUBE,SUBE,-,BAJA,SUBE,BAJA,-
2026-03-28,COST,ARIMAModel,-1.7,HOLD,0.00%,1.29%,1.63%,Fallo,SUBE,BAJA,-,BAJA,BAJA,BAJA,-
2026-03-28,MRK,ARIMAModel,-1.7,HOLD,0.00%,1.01%,-0.47%,Fallo,SUBE,BAJA,-,BAJA,BAJA,BAJA,-
2026-03-28,NEE,ARIMAModel,-1.7,HOLD,0.00%,1.59%,0.63%,Fallo,SUBE,BAJA,-,BAJA,BAJA,BAJA,-
2026-03-28,TSLA,ARIMAModel,-1.7,HOLD,0.00%,5.37%,10.72%,Fallo,SUBE,BAJA,-,BAJA,BAJA,BAJA,-
2026-03-28,WMT,ARIMAModel,-1.7,HOLD,0.00%,1.51%,3.75%,Fallo,SUBE,BAJA,-,BAJA,BAJA,BAJA,-
2026-03-28,XOM,ARIMAModel,-1.7,HOLD,0.00%,-5.97%,-14.36%,Fallo,SUBE,BAJA,-,BAJA,BAJA,BAJA,-
2026-03-28,AMZN,ARIMAModel,-1.9,SELL,0.00%,5.63%,25.69%,Fallo,BAJA,SUBE,-,BAJA,BAJA,BAJA,-
2026-03-28,LMT,ARIMAModel,-2.1,SELL,0.00%,0.29%,-3.84%,Fallo,BAJA,BAJA,-,BAJA,SUBE,BAJA,-
2026-03-28,AAPL,ARIMAModel,-4.1,SELL,0.00%,2.75%,8.61%,Fallo,BAJA,BAJA,-,BAJA,BAJA,BAJA,-
2026-03-28,MCD,ARIMAModel,-4.1,SELL,0.00%,0.45%,1.78%,Fallo,BAJA,BAJA,-,BAJA,BAJA,BAJA,-
2026-03-28,TSM,ARIMAModel,-4.1,SELL,0.00%,4.51%,13.39%,Fallo,BAJA,BAJA,-,BAJA,BAJA,BAJA,-
2026-03-27,AMD,ARIMAModel,4.1,BUY,-0.87%,-0.17%,36.56%,Fallo,SUBE,SUBE,-,SUBE,SUBE,SUBE,-
2026-03-27,ASML,ARIMAModel,4.1,BUY,-2.03%,-0.65%,6.12%,Fallo,SUBE,SUBE,-,SUBE,SUBE,BAJA,-
2026-03-27,AVGO,ARIMAModel,4.1,BUY,-2.82%,0.03%,28.78%,Acierto,SUBE,SUBE,-,SUBE,SUBE,SUBE,-
2026-03-27,BRK-B,ARIMAModel,4.1,BUY,-1.43%,0.83%,-0.03%,Acierto,SUBE,SUBE,-,SUBE,SUBE,SUBE,-
2026-03-27,GOOGL,ARIMAModel,4.1,BUY,-2.34%,2.36%,19.61%,Acierto,SUBE,SUBE,-,SUBE,SUBE,BAJA,-
2026-03-27,JNJ,ARIMAModel,4.1,BUY,0.51%,2.17%,-1.96%,Acierto,SUBE,BAJA,-,SUBE,SUBE,SUBE,-
2026-03-27,META,ARIMAModel,4.1,BUY,-3.99%,4.49%,23.62%,Acierto,SUBE,SUBE,-,SUBE,SUBE,BAJA,-
2026-03-27,MSFT,ARIMAModel,4.1,BUY,-2.51%,1.15%,14.83%,Acierto,SUBE,SUBE,-,SUBE,SUBE,SUBE,-
2026-03-27,PLTR,ARIMAModel,4.1,BUY,-3.05%,-0.87%,-3.25%,Fallo,SUBE,BAJA,-,SUBE,SUBE,SUBE,-
2026-03-27,UNH,ARIMAModel,4.1,BUY,-3.37%,0.95%,18.04%,Acierto,SUBE,SUBE,-,SUBE,SUBE,SUBE,-
2026-03-27,NVDA,ARIMAModel,2.1,HOLD,-2.17%,1.85%,15.83%,Fallo,SUBE,BAJA,-,SUBE,BAJA,SUBE,-
2026-03-27,JPM,ARIMAModel,1.9,HOLD,-3.02%,0.86%,6.27%,Acierto,SUBE,BAJA,-,SUBE,SUBE,BAJA,-
2026-03-27,CRM,ARIMAModel,1.7,HOLD,-3.41%,0.55%,-2.38%,Acierto,BAJA,SUBE,-,SUBE,SUBE,SUBE,-
2026-03-27,MA,ARIMAModel,1.7,HOLD,-3.30%,-0.22%,3.55%,Acierto,BAJA,SUBE,-,SUBE,SUBE,SUBE,-
2026-03-27,PG,ARIMAModel,1.7,HOLD,0.20%,1.42%,0.48%,Fallo,BAJA,SUBE,-,SUBE,BAJA,SUBE,-
2026-03-27,V,ARIMAModel,1.7,HOLD,-3.28%,-1.08%,3.13%,Fallo,BAJA,SUBE,-,SUBE,SUBE,SUBE,-
2026-03-27,LLY,ARIMAModel,0.3,HOLD,-2.09%,2.54%,0.78%,Fallo,SUBE,BAJA,-,BAJA,SUBE,BAJA,-
2026-03-27,TSLA,ARIMAModel,0.3,HOLD,-2.76%,-0.10%,4.51%,Acierto,SUBE,BAJA,-,BAJA,BAJA,SUBE,-
2026-03-27,CAT,ARIMAModel,-1.7,HOLD,-1.11%,0.75%,9.88%,Acierto,SUBE,BAJA,-,BAJA,BAJA,BAJA,-
2026-03-27,COST,ARIMAModel,-1.7,HOLD,0.43%,1.71%,0.77%,Fallo,SUBE,BAJA,-,BAJA,BAJA,BAJA,-
2026-03-27,MRK,ARIMAModel,-1.7,HOLD,0.59%,1.14%,-2.92%,Fallo,SUBE,BAJA,-,BAJA,BAJA,BAJA,-
2026-03-27,NEE,ARIMAModel,-1.7,HOLD,0.26%,1.89%,0.73%,Fallo,SUBE,BAJA,-,BAJA,BAJA,BAJA,-
2026-03-27,ORCL,ARIMAModel,-1.7,HOLD,-2.21%,3.01%,24.88%,Fallo,SUBE,BAJA,-,SUBE,BAJA,BAJA,-
2026-03-27,WMT,ARIMAModel,-1.7,HOLD,0.58%,1.72%,2.16%,Fallo,SUBE,BAJA,-,BAJA,BAJA,BAJA,-
2026-03-27,XOM,ARIMAModel,-1.7,HOLD,3.36%,2.56%,-8.13%,Fallo,SUBE,BAJA,-,BAJA,BAJA,BAJA,-
2026-03-27,LMT,ARIMAModel,-2.1,SELL,-1.83%,-3.66%,-3.16%,Acierto,BAJA,BAJA,-,BAJA,SUBE,BAJA,-
2026-03-27,TSM,ARIMAModel,-2.1,SELL,0.19%,3.63%,11.42%,Fallo,BAJA,BAJA,-,BAJA,SUBE,SUBE,-
2026-03-27,AAPL,ARIMAModel,-4.1,SELL,-1.62%,0.36%,4.16%,Fallo,BAJA,BAJA,-,BAJA,BAJA,BAJA,-
2026-03-27,AMZN,ARIMAModel,-4.1,SELL,-3.95%,0.35%,20.31%,Fallo,BAJA,BAJA,-,SUBE,BAJA,BAJA,-
2026-03-27,MCD,ARIMAModel,-4.1,SELL,-0.98%,0.60%,-0.64%,Fallo,BAJA,BAJA,-,BAJA,BAJA,BAJA,-
2026-03-26,AMD,ARIMAModel,4.1,BUY,-7.49%,-11.00%,17.18%,Fallo,SUBE,SUBE,-,SUBE,BAJA,SUBE,-
2026-03-26,ASML,ARIMAModel,4.1,BUY,-4.62%,-10.04%,6.30%,Fallo,SUBE,SUBE,-,SUBE,SUBE,SUBE,-
2026-03-26,AVGO,ARIMAModel,4.1,BUY,-2.95%,-7.97%,24.44%,Fallo,SUBE,BAJA,-,SUBE,BAJA,SUBE,-
2026-03-26,BRK-B,ARIMAModel,4.1,BUY,-0.19%,-0.32%,-0.44%,Fallo,SUBE,SUBE,-,SUBE,SUBE,SUBE,-
2026-03-26,GOOGL,ARIMAModel,4.1,BUY,-3.44%,-5.99%,15.88%,Fallo,SUBE,SUBE,-,SUBE,SUBE,SUBE,-
2026-03-26,JPM,ARIMAModel,4.1,BUY,-1.27%,-3.94%,3.56%,Fallo,SUBE,BAJA,-,SUBE,SUBE,BAJA,-
2026-03-26,LLY,ARIMAModel,4.1,BUY,-2.11%,-3.24%,-1.23%,Fallo,SUBE,BAJA,-,SUBE,SUBE,BAJA,-
2026-03-26,META,ARIMAModel,4.1,BUY,-7.96%,-9.84%,12.89%,Fallo,SUBE,SUBE,-,BAJA,SUBE,BAJA,-
2026-03-26,MSFT,ARIMAModel,4.1,BUY,-1.37%,-3.26%,10.83%,Fallo,SUBE,SUBE,-,SUBE,SUBE,SUBE,-
2026-03-26,ORCL,ARIMAModel,4.1,BUY,-2.20%,-4.94%,16.29%,Fallo,SUBE,SUBE,-,SUBE,BAJA,SUBE,-
2026-03-26,PLTR,ARIMAModel,4.1,BUY,-4.78%,-11.24%,-8.27%,Fallo,SUBE,SUBE,-,SUBE,SUBE,SUBE,-
2026-03-26,UNH,ARIMAModel,4.1,BUY,-0.92%,-3.24%,16.08%,Fallo,SUBE,SUBE,-,SUBE,SUBE,SUBE,-
2026-03-26,JNJ,ARIMAModel,1.9,HOLD,-0.29%,1.07%,-0.53%,Fallo,SUBE,BAJA,-,BAJA,SUBE,SUBE,-
2026-03-26,CRM,ARIMAModel,1.7,HOLD,2.02%,1.69%,-2.40%,Fallo,BAJA,SUBE,-,SUBE,SUBE,SUBE,-
2026-03-26,MA,ARIMAModel,1.7,HOLD,-0.40%,-1.74%,3.42%,Fallo,BAJA,SUBE,-,SUBE,SUBE,SUBE,-
2026-03-26,PG,ARIMAModel,1.7,HOLD,-1.04%,0.56%,-0.38%,Acierto,BAJA,SUBE,-,SUBE,SUBE,SUBE,-
2026-03-26,V,ARIMAModel,1.7,HOLD,0.20%,-1.76%,3.61%,Fallo,BAJA,SUBE,-,SUBE,SUBE,SUBE,-
2026-03-26,NVDA,ARIMAModel,0.5,HOLD,-4.16%,-7.56%,11.30%,Fallo,SUBE,BAJA,-,SUBE,BAJA,BAJA,-
2026-03-26,CAT,ARIMAModel,-1.7,HOLD,-2.20%,-7.18%,7.11%,Fallo,SUBE,BAJA,-,BAJA,BAJA,BAJA,-
2026-03-26,COST,ARIMAModel,-1.7,HOLD,0.49%,2.23%,1.01%,Fallo,SUBE,BAJA,-,BAJA,BAJA,BAJA,-
2026-03-26,MRK,ARIMAModel,-1.7,HOLD,-0.37%,-1.06%,-1.23%,Fallo,SUBE,BAJA,-,BAJA,BAJA,BAJA,-
2026-03-26,NEE,ARIMAModel,-1.7,HOLD,0.00%,0.98%,0.09%,Acierto,SUBE,BAJA,-,BAJA,BAJA,BAJA,-
2026-03-26,TSLA,ARIMAModel,-1.7,HOLD,-3.59%,-7.95%,1.55%,Fallo,SUBE,BAJA,-,BAJA,BAJA,SUBE,-
2026-03-26,WMT,ARIMAModel,-1.7,HOLD,-0.72%,0.36%,1.38%,Acierto,SUBE,BAJA,-,BAJA,BAJA,BAJA,-
2026-03-26,XOM,ARIMAModel,-1.7,HOLD,1.33%,5.03%,-8.73%,Fallo,SUBE,BAJA,-,BAJA,BAJA,BAJA,-
2026-03-26,LMT,ARIMAModel,-2.1,SELL,0.50%,-4.11%,-2.10%,Acierto,BAJA,BAJA,-,BAJA,SUBE,BAJA,-
2026-03-26,AAPL,ARIMAModel,-4.1,SELL,0.11%,-2.37%,5.47%,Acierto,BAJA,BAJA,-,BAJA,BAJA,SUBE,-
2026-03-26,AMZN,ARIMAModel,-4.1,SELL,-1.97%,-5.08%,17.38%,Acierto,BAJA,BAJA,-,BAJA,BAJA,BAJA,-
2026-03-26,MCD,ARIMAModel,-4.1,SELL,-0.89%,-1.02%,-1.75%,Acierto,BAJA,BAJA,-,BAJA,BAJA,BAJA,-
2026-03-26,TSM,ARIMAModel,-4.1,SELL,-6.22%,-8.99%,7.86%,Acierto,BAJA,BAJA,-,BAJA,BAJA,SUBE,-
2026-03-25,BRK-B,ARIMAModel,4.1,BUY,-0.66%,-2.26%,-0.37%,Fallo,SUBE,SUBE,-,SUBE,SUBE,SUBE,-
2026-03-25,GOOGL,ARIMAModel,4.1,BUY,0.17%,-5.54%,14.62%,Fallo,SUBE,SUBE,-,SUBE,SUBE,SUBE,-
2026-03-25,JNJ,ARIMAModel,4.1,BUY,1.98%,2.20%,2.05%,Acierto,SUBE,BAJA,-,SUBE,SUBE,SUBE,-
2026-03-25,LLY,ARIMAModel,4.1,BUY,1.47%,-2.74%,2.16%,Fallo,SUBE,SUBE,-,SUBE,BAJA,BAJA,-
2026-03-25,MSFT,ARIMAModel,4.1,BUY,-0.46%,-4.28%,5.46%,Fallo,SUBE,SUBE,-,SUBE,SUBE,SUBE,-
2026-03-25,NVDA,ARIMAModel,4.1,BUY,1.99%,-4.38%,12.16%,Fallo,SUBE,BAJA,-,SUBE,SUBE,BAJA,-
2026-03-25,PLTR,ARIMAModel,4.1,BUY,0.12%,-7.57%,-12.33%,Fallo,SUBE,SUBE,-,SUBE,SUBE,SUBE,-
2026-03-25,UNH,ARIMAModel,4.1,BUY,-0.64%,-4.87%,15.39%,Fallo,SUBE,SUBE,-,SUBE,SUBE,SUBE,-
2026-03-25,AMD,ARIMAModel,2.1,HOLD,7.26%,-1.65%,24.20%,Fallo,SUBE,BAJA,-,SUBE,BAJA,SUBE,-
2026-03-25,AVGO,ARIMAModel,2.1,HOLD,0.16%,-5.53%,19.63%,Fallo,SUBE,SUBE,-,SUBE,BAJA,SUBE,-
2026-03-25,ASML,ARIMAModel,1.9,HOLD,-0.40%,-6.93%,8.49%,Fallo,SUBE,BAJA,-,SUBE,SUBE,BAJA,-
2026-03-25,META,ARIMAModel,1.9,HOLD,0.33%,-11.33%,11.73%,Fallo,SUBE,BAJA,-,SUBE,SUBE,SUBE,-
2026-03-25,CRM,ARIMAModel,1.7,HOLD,-0.58%,-2.03%,-6.40%,Fallo,BAJA,SUBE,-,SUBE,SUBE,SUBE,-
2026-03-25,MA,ARIMAModel,1.7,HOLD,0.77%,-2.94%,2.85%,Fallo,BAJA,SUBE,-,SUBE,SUBE,SUBE,-
2026-03-25,MCD,ARIMAModel,1.7,HOLD,1.25%,-0.63%,-1.50%,Acierto,BAJA,SUBE,-,BAJA,SUBE,SUBE,-
2026-03-25,PG,ARIMAModel,1.7,HOLD,0.53%,-0.31%,0.85%,Acierto,BAJA,SUBE,-,SUBE,BAJA,SUBE,-
2026-03-25,V,ARIMAModel,1.7,HOLD,0.38%,-2.71%,2.51%,Fallo,BAJA,SUBE,-,SUBE,SUBE,SUBE,-
2026-03-25,JPM,ARIMAModel,-0.1,HOLD,1.03%,-3.27%,6.40%,Fallo,SUBE,BAJA,-,SUBE,SUBE,SUBE,-
2026-03-25,CAT,ARIMAModel,-1.7,HOLD,0.34%,-2.96%,10.83%,Fallo,SUBE,BAJA,-,BAJA,SUBE,BAJA,-
2026-03-25,COST,ARIMAModel,-1.7,HOLD,0.11%,1.03%,0.10%,Fallo,SUBE,BAJA,-,SUBE,BAJA,BAJA,-
2026-03-25,MRK,ARIMAModel,-1.7,HOLD,2.58%,2.80%,3.08%,Fallo,SUBE,BAJA,-,BAJA,BAJA,BAJA,-
2026-03-25,NEE,ARIMAModel,-1.7,HOLD,-0.50%,-0.24%,-0.34%,Acierto,SUBE,BAJA,-,BAJA,BAJA,BAJA,-
2026-03-25,ORCL,ARIMAModel,-1.7,HOLD,-0.73%,-5.05%,10.82%,Fallo,SUBE,SUBE,-,BAJA,BAJA,BAJA,-
2026-03-25,TSLA,ARIMAModel,-1.7,HOLD,0.76%,-5.53%,-4.92%,Fallo,SUBE,BAJA,-,BAJA,BAJA,BAJA,-
2026-03-25,WMT,ARIMAModel,-1.7,HOLD,0.83%,0.69%,2.46%,Acierto,SUBE,BAJA,-,BAJA,BAJA,BAJA,-
2026-03-25,XOM,ARIMAModel,-1.7,HOLD,-1.28%,3.39%,-9.76%,Fallo,SUBE,BAJA,-,BAJA,BAJA,BAJA,-
2026-03-25,AAPL,ARIMAModel,-4.1,SELL,0.39%,-1.13%,2.86%,Acierto,BAJA,BAJA,-,BAJA,BAJA,BAJA,-
2026-03-25,AMZN,ARIMAModel,-4.1,SELL,2.16%,-3.81%,20.16%,Acierto,BAJA,SUBE,-,SUBE,BAJA,BAJA,-
2026-03-25,LMT,ARIMAModel,-4.1,SELL,2.30%,0.93%,0.23%,Fallo,BAJA,BAJA,-,BAJA,SUBE,BAJA,-
2026-03-25,TSM,ARIMAModel,-4.1,SELL,1.31%,-4.81%,10.67%,Acierto,BAJA,BAJA,-,BAJA,SUBE,BAJA,-
2026-03-24,AMD,ARIMAModel,4.1,BUY,1.33%,-0.34%,21.78%,Fallo,SUBE,BAJA,-,SUBE,SUBE,SUBE,-
2026-03-24,ASML,ARIMAModel,4.1,BUY,2.18%,-4.90%,9.53%,Fallo,SUBE,BAJA,-,SUBE,SUBE,SUBE,-
2026-03-24,BRK-B,ARIMAModel,4.1,BUY,-0.14%,-2.39%,0.04%,Fallo,SUBE,SUBE,-,SUBE,SUBE,SUBE,-
2026-03-24,JNJ,ARIMAModel,4.1,BUY,-0.06%,2.14%,1.08%,Acierto,SUBE,BAJA,-,SUBE,SUBE,SUBE,-
2026-03-24,JPM,ARIMAModel,4.1,BUY,0.86%,-2.44%,8.20%,Fallo,SUBE,SUBE,-,SUBE,SUBE,SUBE,-
2026-03-24,LLY,ARIMAModel,4.1,BUY,-0.83%,-3.55%,2.09%,Fallo,SUBE,SUBE,-,SUBE,SUBE,SUBE,-
2026-03-24,META,ARIMAModel,4.1,BUY,-1.84%,-12.97%,5.04%,Fallo,SUBE,SUBE,-,BAJA,SUBE,BAJA,-
2026-03-24,MSFT,ARIMAModel,4.1,BUY,-2.68%,-6.85%,0.36%,Fallo,SUBE,SUBE,-,SUBE,SUBE,SUBE,-
2026-03-24,NVDA,ARIMAModel,4.1,BUY,-0.25%,-4.62%,7.78%,Fallo,SUBE,SUBE,-,SUBE,SUBE,BAJA,-
2026-03-24,PLTR,ARIMAModel,4.1,BUY,-3.77%,-11.05%,-17.70%,Fallo,SUBE,SUBE,-,SUBE,SUBE,SUBE,-
2026-03-24,UNH,ARIMAModel,4.1,BUY,1.02%,-3.90%,16.12%,Fallo,SUBE,SUBE,-,SUBE,SUBE,SUBE,-
2026-03-24,AVGO,ARIMAModel,2.1,HOLD,-1.31%,-6.77%,17.75%,Fallo,SUBE,SUBE,-,SUBE,BAJA,SUBE,-
2026-03-24,COST,ARIMAModel,2.1,HOLD,0.84%,1.88%,1.57%,Fallo,SUBE,SUBE,-,SUBE,BAJA,BAJA,-
2026-03-24,CRM,ARIMAModel,1.7,HOLD,-6.23%,-8.13%,-11.46%,Fallo,BAJA,SUBE,-,SUBE,SUBE,SUBE,-
2026-03-24,MA,ARIMAModel,1.7,HOLD,-0.29%,-3.23%,1.64%,Fallo,BAJA,SUBE,-,SUBE,SUBE,SUBE,-
2026-03-24,V,ARIMAModel,1.7,HOLD,-0.22%,-2.93%,1.63%,Fallo,BAJA,SUBE,-,SUBE,SUBE,SUBE,-
2026-03-24,TSLA,ARIMAModel,0.5,HOLD,0.57%,-4.99%,-7.46%,Fallo,SUBE,BAJA,-,BAJA,BAJA,BAJA,-
2026-03-24,GOOGL,ARIMAModel,0.3,HOLD,-3.85%,-9.18%,6.37%,Fallo,SUBE,BAJA,-,BAJA,SUBE,BAJA,-
2026-03-24,CAT,ARIMAModel,-0.1,HOLD,2.13%,-0.90%,12.83%,Acierto,SUBE,SUBE,-,BAJA,SUBE,BAJA,-
2026-03-24,AMZN,ARIMAModel,-0.3,HOLD,-1.38%,-5.14%,14.16%,Fallo,BAJA,SUBE,-,SUBE,BAJA,SUBE,-
2026-03-24,PG,ARIMAModel,-0.3,HOLD,-0.58%,-0.89%,-0.28%,Acierto,BAJA,SUBE,-,SUBE,BAJA,SUBE,-
2026-03-24,MRK,ARIMAModel,-1.7,HOLD,0.60%,3.41%,3.86%,Fallo,SUBE,SUBE,-,BAJA,BAJA,BAJA,-
2026-03-24,NEE,ARIMAModel,-1.7,HOLD,1.54%,1.30%,2.29%,Fallo,SUBE,BAJA,-,BAJA,BAJA,BAJA,-
2026-03-24,ORCL,ARIMAModel,-1.7,HOLD,-4.70%,-9.51%,0.83%,Fallo,SUBE,SUBE,-,BAJA,BAJA,BAJA,-
2026-03-24,WMT,ARIMAModel,-1.7,HOLD,1.10%,1.80%,3.19%,Fallo,SUBE,BAJA,-,BAJA,BAJA,BAJA,-
2026-03-24,XOM,ARIMAModel,-1.7,HOLD,2.64%,6.12%,-5.27%,Fallo,SUBE,BAJA,-,BAJA,BAJA,BAJA,-
2026-03-24,MCD,ARIMAModel,-2.1,SELL,-0.20%,-0.83%,-1.28%,Acierto,BAJA,BAJA,-,BAJA,SUBE,SUBE,-
2026-03-24,AAPL,ARIMAModel,-4.1,SELL,0.06%,-1.07%,3.07%,Acierto,BAJA,BAJA,-,SUBE,BAJA,SUBE,-
2026-03-24,LMT,ARIMAModel,-4.1,SELL,-0.99%,-0.07%,0.56%,Acierto,BAJA,BAJA,-,BAJA,SUBE,BAJA,-
2026-03-24,TSM,ARIMAModel,-4.1,SELL,1.42%,-3.46%,9.19%,Acierto,BAJA,BAJA,-,BAJA,BAJA,BAJA,-
2026-03-23,AMD,ARIMAModel,4.1,BUY,0.67%,0.33%,21.71%,Acierto,SUBE,BAJA,-,SUBE,SUBE,SUBE,-
2026-03-23,ASML,ARIMAModel,4.1,BUY,3.98%,-1.12%,12.22%,Fallo,SUBE,SUBE,-,SUBE,SUBE,SUBE,-
2026-03-23,AVGO,ARIMAModel,4.1,BUY,3.86%,-3.17%,19.66%,Fallo,SUBE,SUBE,-,SUBE,BAJA,SUBE,-
2026-03-23,BRK-B,ARIMAModel,4.1,BUY,-0.20%,-2.59%,-0.22%,Fallo,SUBE,SUBE,-,SUBE,SUBE,SUBE,-
2026-03-23,GOOGL,ARIMAModel,4.1,BUY,0.35%,-8.86%,5.40%,Fallo,SUBE,SUBE,-,SUBE,SUBE,SUBE,-
2026-03-23,JNJ,ARIMAModel,4.1,BUY,0.02%,2.16%,1.31%,Acierto,SUBE,SUBE,-,SUBE,SUBE,SUBE,-
2026-03-23,JPM,ARIMAModel,4.1,BUY,1.17%,-1.30%,8.13%,Fallo,SUBE,SUBE,-,SUBE,SUBE,SUBE,-
2026-03-23,LLY,ARIMAModel,4.1,BUY,0.42%,-3.14%,3.61%,Fallo,SUBE,SUBE,-,SUBE,SUBE,BAJA,-
2026-03-23,META,ARIMAModel,4.1,BUY,1.75%,-11.44%,6.10%,Fallo,SUBE,SUBE,-,SUBE,SUBE,SUBE,-
2026-03-23,MSFT,ARIMAModel,4.1,BUY,0.30%,-6.57%,-2.88%,Fallo,SUBE,BAJA,-,SUBE,SUBE,SUBE,-
2026-03-23,NVDA,ARIMAModel,4.1,BUY,1.70%,-3.00%,9.22%,Fallo,SUBE,SUBE,-,SUBE,SUBE,SUBE,-
2026-03-23,PLTR,ARIMAModel,4.1,BUY,6.74%,-5.06%,-15.01%,Fallo,SUBE,SUBE,-,SUBE,SUBE,SUBE,-
2026-03-23,TSLA,ARIMAModel,4.1,BUY,3.50%,-1.67%,-5.17%,Fallo,SUBE,BAJA,-,SUBE,SUBE,SUBE,-
2026-03-23,UNH,ARIMAModel,4.1,BUY,-2.20%,-6.01%,10.43%,Fallo,SUBE,SUBE,-,SUBE,SUBE,SUBE,-
2026-03-23,COST,ARIMAModel,2.1,HOLD,-0.68%,1.19%,2.69%,Fallo,SUBE,SUBE,-,SUBE,BAJA,BAJA,-
2026-03-23,CRM,ARIMAModel,1.7,HOLD,-0.10%,-8.23%,-15.57%,Fallo,BAJA,SUBE,-,SUBE,SUBE,SUBE,-
2026-03-23,MA,ARIMAModel,1.7,HOLD,0.82%,-2.43%,0.47%,Fallo,BAJA,SUBE,-,SUBE,SUBE,SUBE,-
2026-03-23,V,ARIMAModel,1.7,HOLD,0.93%,-2.02%,0.91%,Fallo,BAJA,SUBE,-,SUBE,SUBE,SUBE,-
2026-03-23,CAT,ARIMAModel,-0.1,HOLD,3.06%,2.13%,16.12%,Fallo,SUBE,SUBE,-,BAJA,SUBE,BAJA,-
2026-03-23,ORCL,ARIMAModel,-0.1,HOLD,3.11%,-6.69%,-7.74%,Fallo,SUBE,BAJA,-,SUBE,BAJA,SUBE,-
2026-03-23,PG,ARIMAModel,-0.3,HOLD,-0.20%,-1.09%,0.61%,Fallo,BAJA,SUBE,-,SUBE,BAJA,SUBE,-
2026-03-23,TSM,ARIMAModel,-0.5,HOLD,2.80%,-0.76%,12.56%,Acierto,BAJA,BAJA,-,SUBE,SUBE,SUBE,-
2026-03-23,MRK,ARIMAModel,-1.7,HOLD,1.31%,4.77%,6.34%,Fallo,SUBE,SUBE,-,BAJA,BAJA,BAJA,-
2026-03-23,NEE,ARIMAModel,-1.7,HOLD,0.82%,2.12%,5.12%,Fallo,SUBE,BAJA,-,BAJA,BAJA,BAJA,-
2026-03-23,WMT,ARIMAModel,-1.7,HOLD,1.43%,3.25%,6.51%,Fallo,SUBE,BAJA,-,BAJA,BAJA,BAJA,-
2026-03-23,XOM,ARIMAModel,-1.7,HOLD,0.91%,7.09%,-4.48%,Fallo,SUBE,BAJA,-,BAJA,BAJA,BAJA,-
2026-03-23,MCD,ARIMAModel,-2.1,SELL,-0.12%,-0.96%,-1.03%,Acierto,BAJA,BAJA,-,BAJA,SUBE,SUBE,-
2026-03-23,AAPL,ARIMAModel,-4.1,SELL,1.41%,0.33%,5.04%,Fallo,BAJA,BAJA,-,SUBE,BAJA,SUBE,-
2026-03-23,AMZN,ARIMAModel,-4.1,SELL,2.32%,-2.94%,16.07%,Acierto,BAJA,BAJA,-,SUBE,BAJA,BAJA,-
2026-03-23,LMT,ARIMAModel,-4.1,SELL,-1.78%,-1.85%,-2.19%,Acierto,BAJA,BAJA,-,BAJA,BAJA,BAJA,-
2026-03-22,AMD,ARIMAModel,4.1,BUY,0.00%,1.21%,21.71%,Acierto,SUBE,BAJA,-,SUBE,SUBE,SUBE,-
2026-03-22,ASML,ARIMAModel,4.1,BUY,0.00%,0.93%,12.22%,Acierto,SUBE,SUBE,-,SUBE,SUBE,SUBE,-
2026-03-22,AVGO,ARIMAModel,4.1,BUY,0.00%,-0.35%,19.66%,Fallo,SUBE,SUBE,-,SUBE,BAJA,SUBE,-
2026-03-22,BRK-B,ARIMAModel,4.1,BUY,0.00%,-1.18%,-0.22%,Fallo,SUBE,SUBE,-,SUBE,SUBE,SUBE,-
2026-03-22,GOOGL,ARIMAModel,4.1,BUY,0.00%,-6.67%,5.40%,Fallo,SUBE,SUBE,-,SUBE,SUBE,SUBE,-
2026-03-22,JNJ,ARIMAModel,4.1,BUY,0.00%,1.64%,1.31%,Acierto,SUBE,SUBE,-,SUBE,SUBE,SUBE,-
2026-03-22,JPM,ARIMAModel,4.1,BUY,0.00%,1.78%,8.13%,Acierto,SUBE,SUBE,-,SUBE,SUBE,SUBE,-
2026-03-22,LLY,ARIMAModel,4.1,BUY,0.00%,-1.07%,3.61%,Fallo,SUBE,SUBE,-,SUBE,SUBE,SUBE,-
2026-03-22,META,ARIMAModel,4.1,BUY,0.00%,-7.77%,6.10%,Fallo,SUBE,SUBE,-,SUBE,SUBE,SUBE,-
2026-03-22,NVDA,ARIMAModel,4.1,BUY,0.00%,-0.85%,9.22%,Fallo,SUBE,SUBE,-,SUBE,SUBE,SUBE,-
2026-03-22,PLTR,ARIMAModel,4.1,BUY,0.00%,-2.07%,-15.01%,Fallo,SUBE,SUBE,-,SUBE,SUBE,SUBE,-
2026-03-22,TSLA,ARIMAModel,4.1,BUY,0.00%,1.13%,-5.17%,Acierto,SUBE,BAJA,-,SUBE,SUBE,BAJA,-
2026-03-22,UNH,ARIMAModel,4.1,BUY,0.00%,-2.74%,10.43%,Fallo,SUBE,SUBE,-,SUBE,SUBE,SUBE,-
2026-03-22,COST,ARIMAModel,2.1,HOLD,0.00%,0.75%,2.69%,Acierto,SUBE,SUBE,-,SUBE,BAJA,BAJA,-
2026-03-22,ORCL,ARIMAModel,2.1,HOLD,0.00%,-4.59%,-7.74%,Fallo,SUBE,SUBE,-,SUBE,BAJA,SUBE,-
2026-03-22,MSFT,ARIMAModel,1.9,HOLD,0.00%,-4.16%,-2.88%,Fallo,SUBE,BAJA,-,BAJA,SUBE,SUBE,-
2026-03-22,CRM,ARIMAModel,1.7,HOLD,0.00%,-4.99%,-15.57%,Fallo,BAJA,SUBE,-,SUBE,SUBE,SUBE,-
2026-03-22,MA,ARIMAModel,1.7,HOLD,0.00%,0.89%,0.47%,Acierto,BAJA,SUBE,-,SUBE,SUBE,SUBE,-
2026-03-22,PG,ARIMAModel,1.7,HOLD,0.00%,-1.29%,0.61%,Fallo,BAJA,SUBE,-,SUBE,BAJA,SUBE,-
2026-03-22,V,ARIMAModel,1.7,HOLD,0.00%,1.30%,0.91%,Fallo,BAJA,SUBE,-,SUBE,SUBE,SUBE,-
2026-03-22,CAT,ARIMAModel,-0.1,HOLD,0.00%,3.28%,16.12%,Fallo,SUBE,SUBE,-,BAJA,SUBE,BAJA,-
2026-03-22,TSM,ARIMAModel,-0.5,HOLD,0.00%,-0.95%,12.56%,Acierto,BAJA,BAJA,-,SUBE,SUBE,SUBE,-
2026-03-22,MRK,ARIMAModel,-1.7,HOLD,0.00%,4.16%,6.34%,Fallo,SUBE,SUBE,-,BAJA,BAJA,BAJA,-
2026-03-22,NEE,ARIMAModel,-1.7,HOLD,0.00%,1.85%,5.12%,Fallo,SUBE,BAJA,-,BAJA,BAJA,BAJA,-
2026-03-22,WMT,ARIMAModel,-1.7,HOLD,0.00%,2.66%,6.51%,Fallo,SUBE,BAJA,-,BAJA,BAJA,BAJA,-
2026-03-22,XOM,ARIMAModel,-1.7,HOLD,0.00%,3.61%,-4.48%,Fallo,SUBE,BAJA,-,BAJA,BAJA,BAJA,-
2026-03-22,MCD,ARIMAModel,-2.1,SELL,0.00%,0.03%,-1.03%,Fallo,BAJA,BAJA,-,BAJA,SUBE,SUBE,-
2026-03-22,AAPL,ARIMAModel,-4.1,SELL,0.00%,1.98%,5.04%,Fallo,BAJA,BAJA,-,SUBE,BAJA,SUBE,-
2026-03-22,AMZN,ARIMAModel,-4.1,SELL,0.00%,1.06%,16.07%,Fallo,BAJA,BAJA,-,SUBE,BAJA,BAJA,-
2026-03-22,LMT,ARIMAModel,-4.1,SELL,0.00%,-0.02%,-2.19%,Acierto,BAJA,BAJA,-,BAJA,BAJA,BAJA,-
2026-03-21,ASML,ARIMAModel,4.1,BUY,0.00%,5.82%,12.22%,Acierto,SUBE,SUBE,-,SUBE,SUBE,SUBE,-
2026-03-21,AVGO,ARIMAModel,4.1,BUY,0.00%,2.67%,19.66%,Acierto,SUBE,SUBE,-,SUBE,BAJA,SUBE,-
2026-03-21,BRK-B,ARIMAModel,4.1,BUY,0.00%,-0.99%,-0.22%,Fallo,SUBE,SUBE,-,SUBE,SUBE,SUBE,-
2026-03-21,GOOGL,ARIMAModel,4.1,BUY,0.00%,-3.35%,5.40%,Fallo,SUBE,SUBE,-,SUBE,SUBE,SUBE,-
2026-03-21,JNJ,ARIMAModel,4.1,BUY,0.00%,1.94%,1.31%,Acierto,SUBE,SUBE,-,SUBE,SUBE,SUBE,-
2026-03-21,JPM,ARIMAModel,4.1,BUY,0.00%,3.09%,8.13%,Acierto,SUBE,SUBE,-,SUBE,SUBE,SUBE,-
2026-03-21,META,ARIMAModel,4.1,BUY,0.00%,0.21%,6.10%,Acierto,SUBE,SUBE,-,SUBE,SUBE,SUBE,-
2026-03-21,MSFT,ARIMAModel,4.1,BUY,0.00%,-2.84%,-2.88%,Fallo,SUBE,BAJA,-,SUBE,SUBE,SUBE,-
2026-03-21,NVDA,ARIMAModel,4.1,BUY,0.00%,3.46%,9.22%,Acierto,SUBE,SUBE,-,SUBE,SUBE,SUBE,-
2026-03-21,PLTR,ARIMAModel,4.1,BUY,0.00%,2.84%,-15.01%,Acierto,SUBE,SUBE,-,SUBE,SUBE,SUBE,-
2026-03-21,TSLA,ARIMAModel,4.1,BUY,0.00%,4.89%,-5.17%,Acierto,SUBE,BAJA,-,SUBE,SUBE,BAJA,-
2026-03-21,UNH,ARIMAModel,4.1,BUY,0.00%,-1.83%,10.43%,Fallo,SUBE,SUBE,-,SUBE,SUBE,SUBE,-
2026-03-21,COST,ARIMAModel,2.1,HOLD,0.00%,0.26%,2.69%,Acierto,SUBE,SUBE,-,SUBE,BAJA,SUBE,-
2026-03-21,LLY,ARIMAModel,2.1,HOLD,0.00%,1.06%,3.61%,Fallo,SUBE,SUBE,-,SUBE,SUBE,BAJA,-
2026-03-21,ORCL,ARIMAModel,2.1,HOLD,0.00%,-2.45%,-7.74%,Fallo,SUBE,SUBE,-,SUBE,BAJA,SUBE,-
2026-03-21,AMD,ARIMAModel,1.9,HOLD,0.00%,9.41%,21.71%,Fallo,SUBE,BAJA,-,SUBE,SUBE,BAJA,-
2026-03-21,CRM,ARIMAModel,1.7,HOLD,0.00%,-6.87%,-15.57%,Fallo,BAJA,SUBE,-,SUBE,SUBE,SUBE,-
2026-03-21,MA,ARIMAModel,1.7,HOLD,0.00%,1.30%,0.47%,Fallo,BAJA,SUBE,-,SUBE,SUBE,SUBE,-
2026-03-21,PG,ARIMAModel,1.7,HOLD,0.00%,-0.25%,0.61%,Acierto,BAJA,SUBE,-,SUBE,BAJA,SUBE,-
2026-03-21,V,ARIMAModel,1.7,HOLD,0.00%,1.09%,0.91%,Fallo,BAJA,SUBE,-,SUBE,SUBE,SUBE,-
2026-03-21,CAT,ARIMAModel,-0.1,HOLD,0.00%,5.60%,16.12%,Fallo,SUBE,SUBE,-,BAJA,SUBE,BAJA,-
2026-03-21,MRK,ARIMAModel,-1.7,HOLD,0.00%,4.55%,6.34%,Fallo,SUBE,SUBE,-,BAJA,BAJA,BAJA,-
2026-03-21,NEE,ARIMAModel,-1.7,HOLD,0.00%,1.85%,5.12%,Fallo,SUBE,BAJA,-,BAJA,BAJA,BAJA,-
2026-03-21,WMT,ARIMAModel,-1.7,HOLD,0.00%,3.39%,6.51%,Fallo,SUBE,BAJA,-,BAJA,BAJA,BAJA,-
2026-03-21,XOM,ARIMAModel,-1.7,HOLD,0.00%,2.25%,-4.48%,Fallo,SUBE,BAJA,-,BAJA,BAJA,BAJA,-
2026-03-21,MCD,ARIMAModel,-2.1,SELL,0.00%,0.92%,-1.03%,Fallo,BAJA,BAJA,-,BAJA,SUBE,SUBE,-
2026-03-21,TSM,ARIMAModel,-2.1,SELL,0.00%,5.62%,12.56%,Fallo,BAJA,BAJA,-,SUBE,SUBE,BAJA,-
2026-03-21,AAPL,ARIMAModel,-4.1,SELL,0.00%,1.87%,5.04%,Fallo,BAJA,BAJA,-,SUBE,BAJA,SUBE,-
2026-03-21,AMZN,ARIMAModel,-4.1,SELL,0.00%,3.09%,16.07%,Fallo,BAJA,BAJA,-,SUBE,BAJA,BAJA,-
2026-03-21,LMT,ARIMAModel,-4.1,SELL,0.00%,-0.51%,-2.19%,Acierto,BAJA,BAJA,-,BAJA,BAJA,BAJA,-
2026-03-06,ASML,ARIMAModel,4.1,BUY,-3.74%,2.27%,5.87%,Acierto,SUBE,SUBE,-,SUBE,SUBE,SUBE,-
2026-03-06,GOOGL,ARIMAModel,4.1,BUY,0.04%,-3.47%,5.85%,Fallo,SUBE,SUBE,-,SUBE,SUBE,SUBE,-
2026-03-06,JNJ,ARIMAModel,4.1,BUY,-1.78%,-1.82%,0.70%,Fallo,SUBE,SUBE,-,SUBE,SUBE,SUBE,-
2026-03-06,META,ARIMAModel,4.1,BUY,-10.13%,-10.24%,-4.87%,Fallo,SUBE,SUBE,-,BAJA,SUBE,SUBE,-
2026-03-06,MSFT,ARIMAModel,4.1,BUY,-7.02%,-9.24%,-9.16%,Fallo,SUBE,SUBE,-,SUBE,SUBE,SUBE,-
2026-03-06,PLTR,ARIMAModel,4.1,BUY,-1.30%,1.38%,-14.53%,Acierto,SUBE,SUBE,-,SUBE,SUBE,SUBE,-
2026-03-06,AMD,ARIMAModel,2.1,HOLD,0.94%,2.97%,18.65%,Fallo,SUBE,BAJA,-,SUBE,BAJA,SUBE,-
2026-03-06,BRK-B,ARIMAModel,2.1,HOLD,-3.89%,-4.21%,-3.04%,Fallo,SUBE,SUBE,-,SUBE,BAJA,BAJA,-
2026-03-06,COST,ARIMAModel,2.1,HOLD,-1.04%,-0.89%,5.03%,Acierto,SUBE,SUBE,-,SUBE,BAJA,SUBE,-
2026-03-06,LLY,ARIMAModel,2.1,HOLD,-7.79%,-8.16%,-2.85%,Fallo,SUBE,SUBE,-,SUBE,BAJA,BAJA,-
2026-03-06,UNH,ARIMAModel,2.1,HOLD,-4.56%,-5.71%,6.28%,Fallo,SUBE,SUBE,-,SUBE,BAJA,SUBE,-
2026-03-06,CRM,ARIMAModel,1.7,HOLD,-2.98%,-9.12%,-15.16%,Fallo,BAJA,SUBE,-,SUBE,SUBE,SUBE,-
2026-03-06,MA,ARIMAModel,1.7,HOLD,-5.40%,-4.90%,-4.02%,Fallo,BAJA,SUBE,-,SUBE,SUBE,BAJA,-
2026-03-06,V,ARIMAModel,1.7,HOLD,-5.68%,-5.02%,-3.60%,Fallo,BAJA,SUBE,-,SUBE,SUBE,SUBE,-
2026-03-06,AVGO,ARIMAModel,0.5,HOLD,-6.69%,-4.35%,6.65%,Fallo,SUBE,BAJA,-,SUBE,BAJA,BAJA,-
2026-03-06,CAT,ARIMAModel,0.3,HOLD,-3.57%,1.49%,11.47%,Fallo,SUBE,BAJA,-,BAJA,SUBE,BAJA,-
2026-03-06,ORCL,ARIMAModel,-0.1,HOLD,-3.30%,-4.97%,-10.94%,Fallo,SUBE,BAJA,-,SUBE,BAJA,SUBE,-
2026-03-06,JPM,ARIMAModel,-1.7,HOLD,-2.38%,-0.39%,5.72%,Acierto,SUBE,BAJA,-,BAJA,BAJA,BAJA,-
2026-03-06,MRK,ARIMAModel,-1.7,HOLD,-1.63%,0.26%,5.69%,Acierto,SUBE,BAJA,-,BAJA,BAJA,BAJA,-
2026-03-06,NEE,ARIMAModel,-1.7,HOLD,-1.79%,0.54%,3.68%,Acierto,SUBE,BAJA,-,BAJA,BAJA,BAJA,-
2026-03-06,NVDA,ARIMAModel,-1.7,HOLD,-5.80%,-4.44%,0.31%,Fallo,SUBE,BAJA,-,BAJA,BAJA,BAJA,-
2026-03-06,TSLA,ARIMAModel,-1.7,HOLD,-9.27%,-5.55%,-14.78%,Fallo,SUBE,BAJA,-,BAJA,BAJA,SUBE,-
2026-03-06,WMT,ARIMAModel,-1.7,HOLD,-3.48%,-1.02%,4.72%,Fallo,SUBE,BAJA,-,SUBE,BAJA,BAJA,-
2026-03-06,XOM,ARIMAModel,-1.7,HOLD,5.91%,9.70%,2.84%,Fallo,SUBE,BAJA,-,BAJA,BAJA,BAJA,-
2026-03-06,PG,ARIMAModel,-1.9,SELL,-6.31%,-7.03%,-4.76%,Acierto,BAJA,SUBE,-,SUBE,BAJA,BAJA,-
2026-03-06,TSM,ARIMAModel,-2.1,SELL,-6.96%,-3.00%,3.29%,Acierto,BAJA,BAJA,-,SUBE,BAJA,SUBE,-
2026-03-06,AAPL,ARIMAModel,-4.1,SELL,-4.73%,-3.32%,0.08%,Acierto,BAJA,BAJA,-,BAJA,BAJA,BAJA,-
2026-03-06,AMZN,ARIMAModel,-4.1,SELL,-6.20%,-5.34%,6.72%,Acierto,BAJA,BAJA,-,BAJA,BAJA,BAJA,-
2026-03-06,LMT,ARIMAModel,-4.1,SELL,-4.21%,-6.84%,-4.75%,Acierto,BAJA,BAJA,-,BAJA,SUBE,BAJA,-
2026-03-06,MCD,ARIMAModel,-4.1,SELL,-5.68%,-5.99%,-5.47%,Acierto,BAJA,BAJA,-,BAJA,BAJA,BAJA,-
2026-03-05,EEM,ARIMAModel,4.1,BUY,N/D,N/D,N/D,Pendiente,SUBE,SUBE,-,SUBE,SUBE,SUBE,-
2026-03-05,QQQ,ARIMAModel,2.1,HOLD,N/D,N/D,N/D,Pendiente,SUBE,SUBE,-,SUBE,BAJA,BAJA,-
2026-03-05,GLD,ARIMAModel,-0.1,HOLD,N/D,N/D,N/D,Pendiente,SUBE,SUBE,-,BAJA,SUBE,BAJA,-
2026-03-05,CEMEXCPO.MX,ARIMAModel,-1.7,HOLD,N/D,N/D,N/D,Pendiente,SUBE,SUBE,-,BAJA,BAJA,BAJA,-
2026-03-05,GFNORTEO.MX,ARIMAModel,-1.7,HOLD,N/D,N/D,N/D,Pendiente,SUBE,SUBE,-,BAJA,BAJA,BAJA,-
2026-03-05,SPY,ARIMAModel,-1.7,HOLD,N/D,N/D,N/D,Pendiente,SUBE,BAJA,-,BAJA,BAJA,BAJA,-
2026-03-05,WALMEX.MX,ARIMAModel,-1.7,HOLD,N/D,N/D,N/D,Pendiente,SUBE,BAJA,-,SUBE,BAJA,BAJA,-
2026-03-05,BIMBOA.MX,ARIMAModel,-4.1,SELL,N/D,N/D,N/D,Pendiente,BAJA,BAJA,-,BAJA,SUBE,BAJA,-
2026-03-05,IEF,ARIMAModel,-4.1,SELL,N/D,N/D,N/D,Pendiente,BAJA,BAJA,-,BAJA,BAJA,BAJA,-
2026-03-05,VNQ,ARIMAModel,-4.1,SELL,N/D,N/D,N/D,Pendiente,BAJA,BAJA,-,BAJA,BAJA,BAJA,-
2026-03-04,CEMEXCPO.MX,ARIMAModel,2.1,HOLD,3.85%,N/D,N/D,Pendiente,SUBE,SUBE,-,SUBE,BAJA,SUBE,-
2026-03-04,SPY,ARIMAModel,2.1,HOLD,0.71%,N/D,N/D,Pendiente,SUBE,SUBE,-,SUBE,BAJA,BAJA,-
2026-03-04,WALMEX.MX,ARIMAModel,2.1,HOLD,1.92%,N/D,N/D,Pendiente,SUBE,SUBE,-,SUBE,BAJA,SUBE,-
2026-03-04,GLD,ARIMAModel,1.9,HOLD,0.78%,N/D,N/D,Pendiente,SUBE,SUBE,-,BAJA,SUBE,SUBE,-
2026-03-04,BIMBOA.MX,ARIMAModel,1.7,HOLD,5.49%,N/D,N/D,Pendiente,BAJA,SUBE,-,SUBE,SUBE,SUBE,-
2026-03-04,EEM,ARIMAModel,0.5,HOLD,1.08%,N/D,N/D,Pendiente,SUBE,SUBE,-,BAJA,BAJA,BAJA,-
2026-03-04,GFNORTEO.MX,ARIMAModel,-0.1,HOLD,4.21%,N/D,N/D,Pendiente,SUBE,SUBE,-,BAJA,BAJA,SUBE,-
2026-03-04,VNQ,ARIMAModel,-0.3,HOLD,0.13%,N/D,N/D,Pendiente,BAJA,SUBE,-,SUBE,BAJA,SUBE,-
2026-03-04,QQQ,ARIMAModel,-1.7,HOLD,1.52%,N/D,N/D,Pendiente,SUBE,BAJA,-,SUBE,BAJA,BAJA,-
2026-03-04,IEF,ARIMAModel,-4.1,SELL,-0.21%,N/D,N/D,Pendiente,BAJA,BAJA,-,BAJA,BAJA,BAJA,-
2026-03-03,EEM,ARIMAModel,4.1,BUY,-5.01%,N/D,N/D,Pendiente,SUBE,SUBE,-,BAJA,SUBE,SUBE,-
2026-03-03,GFNORTEO.MX,ARIMAModel,4.1,BUY,-0.83%,N/D,N/D,Pendiente,SUBE,SUBE,-,SUBE,SUBE,SUBE,-
2026-03-03,GLD,ARIMAModel,4.1,BUY,-4.46%,N/D,N/D,Pendiente,SUBE,SUBE,-,BAJA,SUBE,BAJA,-
2026-03-03,CEMEXCPO.MX,ARIMAModel,2.1,HOLD,-4.02%,N/D,N/D,Pendiente,SUBE,SUBE,-,SUBE,BAJA,SUBE,-
2026-03-03,WALMEX.MX,ARIMAModel,2.1,HOLD,-0.52%,N/D,N/D,Pendiente,SUBE,SUBE,-,SUBE,BAJA,SUBE,-
2026-03-03,BIMBOA.MX,ARIMAModel,1.7,HOLD,-1.02%,N/D,N/D,Pendiente,BAJA,SUBE,-,SUBE,SUBE,BAJA,-
2026-03-03,QQQ,ARIMAModel,-1.7,HOLD,-1.07%,N/D,N/D,Pendiente,SUBE,BAJA,-,SUBE,BAJA,BAJA,-
2026-03-03,SPY,ARIMAModel,-1.7,HOLD,-0.88%,N/D,N/D,Pendiente,SUBE,BAJA,-,BAJA,BAJA,BAJA,-
2026-03-03,IEF,ARIMAModel,-4.1,SELL,-0.11%,N/D,N/D,Pendiente,BAJA,BAJA,-,BAJA,BAJA,BAJA,-
2026-03-03,VNQ,ARIMAModel,-4.1,SELL,-0.53%,N/D,N/D,Pendiente,BAJA,BAJA,-,BAJA,BAJA,SUBE,-
2026-03-02,GLD,ARIMAModel,4.1,BUY,1.29%,N/D,N/D,Pendiente,SUBE,SUBE,-,BAJA,SUBE,BAJA,-
2026-03-02,WALMEX.MX,ARIMAModel,2.1,HOLD,0.14%,N/D,N/D,Pendiente,SUBE,SUBE,-,SUBE,BAJA,SUBE,-
2026-03-02,EEM,ARIMAModel,0.3,HOLD,-1.73%,N/D,N/D,Pendiente,SUBE,BAJA,-,BAJA,SUBE,BAJA,-
2026-03-02,GFNORTEO.MX,ARIMAModel,-0.1,HOLD,-2.45%,N/D,N/D,Pendiente,SUBE,BAJA,-,SUBE,BAJA,SUBE,-
2026-03-02,BIMBOA.MX,ARIMAModel,-0.3,HOLD,-1.31%,N/D,N/D,Pendiente,BAJA,SUBE,-,SUBE,SUBE,BAJA,-
2026-03-02,CEMEXCPO.MX,ARIMAModel,-1.7,HOLD,-2.31%,N/D,N/D,Pendiente,SUBE,BAJA,-,BAJA,BAJA,BAJA,-
2026-03-02,QQQ,ARIMAModel,-1.7,HOLD,0.13%,N/D,N/D,Pendiente,SUBE,BAJA,-,SUBE,BAJA,BAJA,-
2026-03-02,SPY,ARIMAModel,-1.7,HOLD,0.06%,N/D,N/D,Pendiente,SUBE,BAJA,-,BAJA,BAJA,BAJA,-
2026-03-02,IEF,ARIMAModel,-4.1,SELL,-0.89%,N/D,N/D,Pendiente,BAJA,BAJA,-,BAJA,BAJA,BAJA,-
2026-03-02,VNQ,ARIMAModel,-4.1,SELL,0.25%,N/D,N/D,Pendiente,BAJA,SUBE,-,BAJA,SUBE,BAJA,-
2026-03-01,GLD,ARIMAModel,4.1,BUY,0.00%,N/D,N/D,Pendiente,SUBE,SUBE,-,BAJA,SUBE,SUBE,-
2026-03-01,WALMEX.MX,ARIMAModel,2.1,HOLD,0.00%,N/D,N/D,Pendiente,SUBE,SUBE,-,SUBE,BAJA,BAJA,-
2026-03-01,EEM,ARIMAModel,0.3,HOLD,0.00%,N/D,N/D,Pendiente,SUBE,BAJA,-,BAJA,SUBE,BAJA,-
2026-03-01,CEMEXCPO.MX,ARIMAModel,-1.7,HOLD,0.00%,N/D,N/D,Pendiente,SUBE,BAJA,-,BAJA,BAJA,BAJA,-
2026-03-01,GFNORTEO.MX,ARIMAModel,-1.7,HOLD,0.00%,N/D,N/D,Pendiente,SUBE,BAJA,-,BAJA,BAJA,SUBE,-
2026-03-01,QQQ,ARIMAModel,-1.7,HOLD,0.00%,N/D,N/D,Pendiente,SUBE,BAJA,-,SUBE,BAJA,BAJA,-
2026-03-01,SPY,ARIMAModel,-1.7,HOLD,0.00%,N/D,N/D,Pendiente,SUBE,BAJA,-,BAJA,BAJA,BAJA,-
2026-03-01,BIMBOA.MX,ARIMAModel,-4.1,SELL,0.00%,N/D,N/D,Pendiente,BAJA,BAJA,-,SUBE,SUBE,BAJA,-
2026-03-01,IEF,ARIMAModel,-4.1,SELL,0.00%,N/D,N/D,Pendiente,BAJA,SUBE,-,BAJA,BAJA,BAJA,-
2026-03-01,VNQ,ARIMAModel,-4.1,SELL,0.00%,N/D,N/D,Pendiente,BAJA,SUBE,-,BAJA,SUBE,BAJA,-
2026-02-28,GLD,ARIMAModel,4.1,BUY,0.00%,-2.47%,N/D,Fallo,SUBE,SUBE,-,BAJA,SUBE,SUBE,-
2026-02-28,WALMEX.MX,ARIMAModel,2.1,HOLD,0.29%,1.83%,N/D,Fallo,SUBE,SUBE,-,SUBE,BAJA,SUBE,-
2026-02-28,BIMBOA.MX,ARIMAModel,1.7,HOLD,0.19%,3.25%,N/D,Fallo,BAJA,SUBE,-,SUBE,SUBE,BAJA,-
2026-02-28,EEM,ARIMAModel,0.3,HOLD,0.00%,-5.64%,N/D,Fallo,SUBE,BAJA,-,BAJA,SUBE,BAJA,-
2026-02-28,GFNORTEO.MX,ARIMAModel,-0.1,HOLD,-0.29%,0.52%,N/D,Acierto,SUBE,BAJA,-,SUBE,BAJA,SUBE,-
2026-02-28,CEMEXCPO.MX,ARIMAModel,-1.7,HOLD,0.28%,-2.37%,N/D,Fallo,SUBE,BAJA,-,BAJA,BAJA,BAJA,-
2026-02-28,QQQ,ARIMAModel,-1.7,HOLD,0.00%,0.57%,N/D,Acierto,SUBE,BAJA,-,SUBE,BAJA,BAJA,-
2026-02-28,SPY,ARIMAModel,-1.7,HOLD,0.00%,-0.13%,N/D,Acierto,SUBE,BAJA,-,BAJA,BAJA,BAJA,-
2026-02-28,IEF,ARIMAModel,-4.1,SELL,0.00%,-1.20%,N/D,Acierto,BAJA,BAJA,-,BAJA,BAJA,BAJA,-
2026-02-28,VNQ,ARIMAModel,-4.1,SELL,0.00%,-0.16%,N/D,Acierto,BAJA,SUBE,-,BAJA,SUBE,BAJA,-
2026-02-27,VNQ,ARIMAModel,1.7,HOLD,0.18%,-0.10%,N/D,Acierto,BAJA,SUBE,-,SUBE,SUBE,SUBE,-
2026-02-27,WALMEX.MX,ARIMAModel,0.5,HOLD,-1.33%,-1.42%,N/D,Fallo,SUBE,BAJA,-,BAJA,BAJA,SUBE,-
2026-02-27,EEM,ARIMAModel,0.3,HOLD,-0.21%,-6.84%,N/D,Fallo,SUBE,BAJA,-,BAJA,SUBE,BAJA,-
2026-02-27,GLD,ARIMAModel,-0.1,HOLD,1.31%,-1.96%,N/D,Fallo,SUBE,SUBE,-,BAJA,SUBE,BAJA,-
2026-02-27,CEMEXCPO.MX,ARIMAModel,-1.7,HOLD,-1.73%,-7.61%,N/D,Fallo,SUBE,SUBE,-,BAJA,BAJA,BAJA,-
2026-02-27,GFNORTEO.MX,ARIMAModel,-1.7,HOLD,-1.23%,-4.72%,N/D,Fallo,SUBE,BAJA,-,BAJA,SUBE,BAJA,-
2026-02-27,QQQ,ARIMAModel,-1.7,HOLD,-0.32%,-1.26%,N/D,Fallo,SUBE,BAJA,-,BAJA,BAJA,BAJA,-
2026-02-27,SPY,ARIMAModel,-1.7,HOLD,-0.48%,-1.30%,N/D,Fallo,SUBE,BAJA,-,BAJA,SUBE,BAJA,-
2026-02-27,BIMBOA.MX,ARIMAModel,-4.1,SELL,-2.92%,-4.99%,N/D,Acierto,BAJA,BAJA,-,BAJA,SUBE,BAJA,-
2026-02-27,IEF,ARIMAModel,-4.1,SELL,0.40%,-0.60%,N/D,Acierto,BAJA,BAJA,-,BAJA,BAJA,SUBE,-
2026-02-26,WALMEX.MX,ARIMAModel,2.1,HOLD,-0.19%,-1.10%,N/D,Fallo,SUBE,SUBE,-,SUBE,BAJA,BAJA,-
2026-02-26,BIMBOA.MX,ARIMAModel,0.1,HOLD,2.55%,-1.56%,N/D,Fallo,BAJA,BAJA,-,SUBE,SUBE,BAJA,-
2026-02-26,EEM,ARIMAModel,-0.1,HOLD,-0.95%,-2.86%,N/D,Fallo,SUBE,SUBE,-,BAJA,SUBE,BAJA,-
2026-02-26,VNQ,ARIMAModel,-0.5,HOLD,0.69%,1.12%,N/D,Fallo,BAJA,BAJA,-,SUBE,SUBE,SUBE,-
2026-02-26,SPY,ARIMAModel,-0.7,HOLD,-0.56%,-0.98%,N/D,Acierto,SUBE,BAJA,-,BAJA,SUBE,BAJA,-
2026-02-26,CEMEXCPO.MX,ARIMAModel,-1.7,HOLD,0.05%,-3.69%,N/D,Fallo,SUBE,SUBE,-,BAJA,BAJA,BAJA,-
2026-02-26,GFNORTEO.MX,ARIMAModel,-1.7,HOLD,-0.02%,-3.94%,N/D,Fallo,SUBE,BAJA,-,BAJA,BAJA,BAJA,-
2026-02-26,GLD,ARIMAModel,-1.7,HOLD,0.86%,3.50%,N/D,Fallo,SUBE,SUBE,-,BAJA,BAJA,BAJA,-
2026-02-26,QQQ,ARIMAModel,-1.7,HOLD,-1.21%,-1.39%,N/D,Fallo,SUBE,BAJA,-,SUBE,BAJA,BAJA,-
2026-02-26,IEF,ARIMAModel,-4.1,SELL,0.27%,-0.23%,N/D,Acierto,BAJA,BAJA,-,BAJA,BAJA,BAJA,-
2026-02-25,EEM,ARIMAModel,4.1,BUY,1.10%,-0.06%,N/D,Fallo,SUBE,SUBE,-,BAJA,SUBE,BAJA,-
2026-02-25,SPY,ARIMAModel,2.5,HOLD,0.84%,-0.20%,N/D,Acierto,SUBE,SUBE,-,BAJA,BAJA,BAJA,-
2026-02-25,GFNORTEO.MX,ARIMAModel,0.3,HOLD,-0.47%,-1.99%,N/D,Fallo,SUBE,BAJA,-,BAJA,BAJA,SUBE,-
2026-02-25,GLD,ARIMAModel,0.3,HOLD,-0.25%,1.93%,N/D,Fallo,SUBE,BAJA,-,BAJA,SUBE,BAJA,-
2026-02-25,BIMBOA.MX,ARIMAModel,-0.5,HOLD,-0.17%,-0.43%,N/D,Acierto,BAJA,BAJA,-,SUBE,SUBE,SUBE,-
2026-02-25,CEMEXCPO.MX,ARIMAModel,-1.7,HOLD,1.57%,0.14%,N/D,Acierto,SUBE,SUBE,-,BAJA,BAJA,BAJA,-
2026-02-25,QQQ,ARIMAModel,-1.7,HOLD,1.45%,-0.10%,N/D,Acierto,SUBE,BAJA,-,BAJA,BAJA,SUBE,-
2026-02-25,WALMEX.MX,ARIMAModel,-1.7,HOLD,-2.48%,-3.69%,N/D,Fallo,SUBE,BAJA,-,BAJA,BAJA,BAJA,-
2026-02-25,IEF,ARIMAModel,-4.1,SELL,-0.08%,0.59%,N/D,Fallo,BAJA,BAJA,-,BAJA,BAJA,SUBE,-
2026-02-25,VNQ,ARIMAModel,-4.1,SELL,-0.27%,0.59%,N/D,Fallo,BAJA,BAJA,-,BAJA,BAJA,BAJA,-
2026-02-24,EEM,ARIMAModel,4.1,BUY,1.57%,1.51%,N/D,Acierto,SUBE,BAJA,-,SUBE,SUBE,BAJA,-
2026-02-24,WALMEX.MX,ARIMAModel,4.1,BUY,1.17%,-2.56%,N/D,Fallo,SUBE,BAJA,-,SUBE,SUBE,BAJA,-
2026-02-24,SPY,ARIMAModel,0.5,HOLD,0.73%,0.53%,N/D,Acierto,SUBE,SUBE,-,BAJA,BAJA,BAJA,-
2026-02-24,BIMBOA.MX,ARIMAModel,-0.5,HOLD,-0.57%,-1.00%,N/D,Acierto,BAJA,BAJA,-,SUBE,SUBE,SUBE,-
2026-02-24,QQQ,ARIMAModel,-0.7,HOLD,1.07%,0.98%,N/D,Acierto,SUBE,BAJA,-,BAJA,BAJA,SUBE,-
2026-02-24,CEMEXCPO.MX,ARIMAModel,-1.7,HOLD,0.84%,0.98%,N/D,Acierto,SUBE,BAJA,-,BAJA,BAJA,BAJA,-
2026-02-24,GFNORTEO.MX,ARIMAModel,-1.7,HOLD,0.46%,-1.53%,N/D,Fallo,SUBE,BAJA,-,BAJA,SUBE,BAJA,-
2026-02-24,GLD,ARIMAModel,-1.7,HOLD,-1.39%,0.51%,N/D,Acierto,SUBE,BAJA,-,BAJA,SUBE,BAJA,-
2026-02-24,IEF,ARIMAModel,-3.1,SELL,-0.02%,0.56%,N/D,Fallo,BAJA,BAJA,-,BAJA,BAJA,SUBE,-
2026-02-24,VNQ,ARIMAModel,-4.1,SELL,0.25%,0.84%,N/D,Fallo,BAJA,BAJA,-,SUBE,BAJA,BAJA,-
2026-02-23,SPY,ARIMAModel,2.5,HOLD,-1.02%,-0.50%,N/D,Acierto,SUBE,SUBE,-,BAJA,BAJA,BAJA,-
2026-02-23,BIMBOA.MX,ARIMAModel,1.7,HOLD,-1.22%,-2.39%,N/D,Fallo,BAJA,BAJA,-,SUBE,SUBE,SUBE,-
2026-02-23,EEM,ARIMAModel,0.3,HOLD,-1.11%,0.38%,N/D,Acierto,SUBE,BAJA,-,BAJA,SUBE,BAJA,-
2026-02-23,QQQ,ARIMAModel,-0.7,HOLD,-1.22%,-0.25%,N/D,Acierto,SUBE,BAJA,-,BAJA,BAJA,BAJA,-
2026-02-23,CEMEXCPO.MX,ARIMAModel,-1.7,HOLD,-3.08%,-2.40%,N/D,Fallo,SUBE,BAJA,-,BAJA,BAJA,BAJA,-
2026-02-23,GFNORTEO.MX,ARIMAModel,-1.7,HOLD,-0.40%,-1.64%,N/D,Fallo,SUBE,BAJA,-,BAJA,BAJA,SUBE,-
2026-02-23,GLD,ARIMAModel,-1.7,HOLD,2.70%,3.23%,N/D,Fallo,SUBE,BAJA,-,BAJA,BAJA,BAJA,-
2026-02-23,WALMEX.MX,ARIMAModel,-1.7,HOLD,-1.00%,-3.81%,N/D,Fallo,SUBE,BAJA,-,BAJA,SUBE,BAJA,-
2026-02-23,IEF,ARIMAModel,-1.9,SELL,0.36%,0.93%,N/D,Fallo,BAJA,SUBE,-,BAJA,BAJA,BAJA,-
2026-02-23,VNQ,ARIMAModel,-4.1,SELL,0.01%,0.85%,N/D,Fallo,BAJA,BAJA,-,SUBE,BAJA,BAJA,-
2026-02-22,EEM,ARIMAModel,4.1,BUY,0.00%,0.59%,N/D,Acierto,SUBE,BAJA,-,SUBE,SUBE,BAJA,-
2026-02-22,SPY,ARIMAModel,2.5,HOLD,0.00%,-0.02%,N/D,Acierto,SUBE,SUBE,-,BAJA,BAJA,BAJA,-
2026-02-22,BIMBOA.MX,ARIMAModel,-0.5,HOLD,0.00%,0.55%,N/D,Acierto,BAJA,BAJA,-,SUBE,SUBE,SUBE,-
2026-02-22,QQQ,ARIMAModel,-0.7,HOLD,0.00%,0.07%,N/D,Acierto,SUBE,BAJA,-,BAJA,BAJA,BAJA,-
2026-02-22,CEMEXCPO.MX,ARIMAModel,-1.7,HOLD,0.00%,-0.68%,N/D,Acierto,SUBE,BAJA,-,BAJA,BAJA,BAJA,-
2026-02-22,GFNORTEO.MX,ARIMAModel,-1.7,HOLD,0.00%,-0.42%,N/D,Acierto,SUBE,BAJA,-,BAJA,BAJA,SUBE,-
2026-02-22,GLD,ARIMAModel,-1.7,HOLD,0.00%,1.89%,N/D,Fallo,SUBE,BAJA,-,BAJA,SUBE,BAJA,-
2026-02-22,WALMEX.MX,ARIMAModel,-1.7,HOLD,0.00%,-2.52%,N/D,Fallo,SUBE,BAJA,-,BAJA,SUBE,BAJA,-
2026-02-22,IEF,ARIMAModel,-4.1,SELL,0.00%,0.53%,N/D,Fallo,BAJA,SUBE,-,BAJA,BAJA,SUBE,-
2026-02-22,VNQ,ARIMAModel,-4.1,SELL,0.00%,0.67%,N/D,Fallo,BAJA,BAJA,-,SUBE,BAJA,BAJA,-
2026-02-21,EEM,ARIMAModel,4.1,BUY,0.00%,1.56%,N/D,Acierto,SUBE,BAJA,-,SUBE,SUBE,BAJA,-
2026-02-21,BIMBOA.MX,ARIMAModel,1.7,HOLD,-0.19%,-2.14%,N/D,Fallo,BAJA,BAJA,-,SUBE,SUBE,SUBE,-
2026-02-21,QQQ,ARIMAModel,-0.7,HOLD,0.00%,1.29%,N/D,Fallo,SUBE,BAJA,-,BAJA,BAJA,BAJA,-
2026-02-21,CEMEXCPO.MX,ARIMAModel,-1.7,HOLD,0.23%,-0.50%,N/D,Acierto,SUBE,BAJA,-,BAJA,BAJA,BAJA,-
2026-02-21,GFNORTEO.MX,ARIMAModel,-1.7,HOLD,-0.17%,-0.57%,N/D,Acierto,SUBE,BAJA,-,BAJA,BAJA,SUBE,-
2026-02-21,GLD,ARIMAModel,-1.7,HOLD,0.00%,1.02%,N/D,Fallo,SUBE,BAJA,-,BAJA,SUBE,BAJA,-
2026-02-21,SPY,ARIMAModel,-1.7,HOLD,0.00%,0.54%,N/D,Acierto,SUBE,BAJA,-,BAJA,BAJA,BAJA,-
2026-02-21,WALMEX.MX,ARIMAModel,-1.7,HOLD,0.05%,-2.28%,N/D,Fallo,SUBE,BAJA,-,BAJA,SUBE,BAJA,-
2026-02-21,IEF,ARIMAModel,-4.1,SELL,0.00%,0.26%,N/D,Fallo,BAJA,SUBE,-,BAJA,BAJA,SUBE,-
2026-02-21,VNQ,ARIMAModel,-4.1,SELL,0.00%,-0.01%,N/D,Acierto,BAJA,BAJA,-,SUBE,BAJA,BAJA,-
